Local Authority,Library,Month,Type,Loans
CAMBS,Arbury Court Library,2019-12,adult fiction,1
CAMBS,Arbury Court Library,2019-12,adult fiction hardback,35
CAMBS,Arbury Court Library,2019-12,adult fiction large print hardback,10
CAMBS,Arbury Court Library,2019-12,adult fiction large print paperback,7
CAMBS,Arbury Court Library,2019-12,adult fiction paperback,75
CAMBS,Arbury Court Library,2019-12,adult non fiction hardback,15
CAMBS,Arbury Court Library,2019-12,adult non fiction large print hardback,1
CAMBS,Arbury Court Library,2019-12,adult non fiction paperback,34
CAMBS,Arbury Court Library,2019-12,children's fiction,8
CAMBS,Arbury Court Library,2019-12,children's spoken word cd set,2
CAMBS,Arbury Court Library,2019-12,dvd: 12,2
CAMBS,Arbury Court Library,2019-12,dvd: pg,1
CAMBS,Arbury Court Library,2019-12,dvd: u,2
CAMBS,Arbury Court Library,2019-12,junior fiction,313
CAMBS,Arbury Court Library,2019-12,junior large print,1
CAMBS,Arbury Court Library,2019-12,junior non-fiction,30
CAMBS,Arbury Court Library,2019-12,picture book,1
CAMBS,Arbury Court Library,2019-12,teenage,2
CAMBS,Arbury Court Library,2019-12,young adult,5
CAMBS,Arbury Court Library,2019-12,young adult fiction paperback,1
CAMBS,Arbury Court Library,2019-12,young adult plus,1
CAMBS,Arbury Court Library,2020-01,adult fiction,5
CAMBS,Arbury Court Library,2020-01,adult fiction hardback,46
CAMBS,Arbury Court Library,2020-01,adult fiction large print hardback,5
CAMBS,Arbury Court Library,2020-01,adult fiction large print paperback,9
CAMBS,Arbury Court Library,2020-01,adult fiction paperback,94
CAMBS,Arbury Court Library,2020-01,adult non fiction hardback,12
CAMBS,Arbury Court Library,2020-01,adult non fiction paperback,31
CAMBS,Arbury Court Library,2020-01,adult non-fiction,3
CAMBS,Arbury Court Library,2020-01,adult spoken word cd set,6
CAMBS,Arbury Court Library,2020-01,children's fiction,15
CAMBS,Arbury Court Library,2020-01,children's non fiction,4
CAMBS,Arbury Court Library,2020-01,children's spoken word cd set,9
CAMBS,Arbury Court Library,2020-01,dvd: 12,2
CAMBS,Arbury Court Library,2020-01,dvd: pg,1
CAMBS,Arbury Court Library,2020-01,dvd: u,1
CAMBS,Arbury Court Library,2020-01,junior fiction,557
CAMBS,Arbury Court Library,2020-01,junior non-fiction,47
CAMBS,Arbury Court Library,2020-01,map,3
CAMBS,Arbury Court Library,2020-01,quick pick fiction,2
CAMBS,Arbury Court Library,2020-01,teenage,6
CAMBS,Arbury Court Library,2020-01,young adult,8
CAMBS,Bar Hill Library,2019-12,adult fiction,7
CAMBS,Bar Hill Library,2019-12,adult fiction hardback,24
CAMBS,Bar Hill Library,2019-12,adult fiction large print paperback,2
CAMBS,Bar Hill Library,2019-12,adult fiction paperback,65
CAMBS,Bar Hill Library,2019-12,adult non fiction hardback,5
CAMBS,Bar Hill Library,2019-12,adult non fiction paperback,14
CAMBS,Bar Hill Library,2019-12,adult spoken word cd set,4
CAMBS,Bar Hill Library,2019-12,children's spoken word cd set,3
CAMBS,Bar Hill Library,2019-12,junior fiction,108
CAMBS,Bar Hill Library,2019-12,junior non-fiction,11
CAMBS,Bar Hill Library,2019-12,picture book,3
CAMBS,Bar Hill Library,2019-12,quick pick fiction,1
CAMBS,Bar Hill Library,2020-01,adult fiction,6
CAMBS,Bar Hill Library,2020-01,adult fiction hardback,46
CAMBS,Bar Hill Library,2020-01,adult fiction large print hardback,1
CAMBS,Bar Hill Library,2020-01,adult fiction paperback,74
CAMBS,Bar Hill Library,2020-01,adult non fiction hardback,12
CAMBS,Bar Hill Library,2020-01,adult non fiction paperback,17
CAMBS,Bar Hill Library,2020-01,adult non fiction,3
CAMBS,Bar Hill Library,2020-01,adult spoken word cd set,5
CAMBS,Bar Hill Library,2020-01,children's fiction,2
CAMBS,Bar Hill Library,2020-01,children's non-fiction,2
CAMBS,Bar Hill Library,2020-01,children's spoken word cd set,2
CAMBS,Bar Hill Library,2020-01,dvd: pg,1
CAMBS,Bar Hill Library,2020-01,dvd: u,3
CAMBS,Bar Hill Library,2020-01,junior fiction,302
CAMBS,Bar Hill Library,2020-01,junior non-fiction,53
CAMBS,Bar Hill Library,2020-01,map,3
CAMBS,Bar Hill Library,2020-01,picture book,1
CAMBS,Bar Hill Library,2020-01,quick pick fiction,3
CAMBS,Bar Hill Library,2020-01,teenage,3
CAMBS,Barnwell Road Library,2019-12,adult fiction hardback,4
CAMBS,Barnwell Road Library,2019-12,adult fiction paperback,26
CAMBS,Barnwell Road Library,2019-12,adult non fiction hardback,1
CAMBS,Barnwell Road Library,2019-12,adult non fiction paperback,7
CAMBS,Barnwell Road Library,2019-12,adult spoken word cd set,2
CAMBS,Barnwell Road Library,2019-12,dvd: 15,1
CAMBS,Barnwell Road Library,2019-12,junior fiction,119
CAMBS,Barnwell Road Library,2019-12,junior non-fiction,5
CAMBS,Barnwell Road Library,2019-12,picture book,1
CAMBS,Barnwell Road Library,2019-12,young adult plus,1
CAMBS,Barnwell Road Library,2020-01,adult fiction hardback,17
CAMBS,Barnwell Road Library,2020-01,adult fiction large print hardback,1
CAMBS,Barnwell Road Library,2020-01,adult fiction large print paperback,1
CAMBS,Barnwell Road Library,2020-01,adult fiction paperback,42
CAMBS,Barnwell Road Library,2020-01,adult non fiction hardback,7
CAMBS,Barnwell Road Library,2020-01,adult non fiction paperback,14
CAMBS,Barnwell Road Library,2020-01,adult non-fiction,4
CAMBS,Barnwell Road Library,2020-01,adult spoken word cd set,1
CAMBS,Barnwell Road Library,2020-01,children's fiction,1
CAMBS,Barnwell Road Library,2020-01,children's non-fiction,2
CAMBS,Barnwell Road Library,2020-01,children's spoken word cd set,1
CAMBS,Barnwell Road Library,2020-01,dvd: pg,1
CAMBS,Barnwell Road Library,2020-01,dvd: u,1
CAMBS,Barnwell Road Library,2020-01,inter-library loan,1
CAMBS,Barnwell Road Library,2020-01,junior fiction,173
CAMBS,Barnwell Road Library,2020-01,junior large print,1
CAMBS,Barnwell Road Library,2020-01,junior non-fiction,22
CAMBS,Barnwell Road Library,2020-01,teenage,6
CAMBS,Barnwell Road Library,2020-01,young adult,6
CAMBS,Bassingbourn Library Access Point,2019-12,adult fiction paperback,38
CAMBS,Bassingbourn Library Access Point,2019-12,junior fiction,5
CAMBS,Bassingbourn Library Access Point,2019-12,junior non-fiction,1
CAMBS,Bassingbourn Library Access Point,2020-01,adult fiction,3
CAMBS,Bassingbourn Library Access Point,2020-01,adult fiction hardback,3
CAMBS,Bassingbourn Library Access Point,2020-01,adult fiction paperback,28
CAMBS,Bassingbourn Library Access Point,2020-01,adult non fiction hardback,3
CAMBS,Bassingbourn Library Access Point,2020-01,adult non fiction paperback,4
CAMBS,Bassingbourn Library Access Point,2020-01,children's fiction,1
CAMBS,Bassingbourn Library Access Point,2020-01,junior fiction,35
CAMBS,Bassingbourn Library Access Point,2020-01,junior large print,3
CAMBS,Bassingbourn Library Access Point,2020-01,junior non-fiction,2
CAMBS,Bassingbourn Library Access Point,2020-01,teenage,1
CAMBS,Bassingbourn Library Access Point,2020-01,young adult,1
CAMBS,Bottisham Library Access Point,2019-12,young adult,1
CAMBS,Bottisham Library Access Point,2020-01,adult fiction,1
CAMBS,Bottisham Library Access Point,2020-01,adult fiction hardback,5
CAMBS,Bottisham Library Access Point,2020-01,adult fiction paperback,29
CAMBS,Bottisham Library Access Point,2020-01,adult non fiction hardback,8
CAMBS,Bottisham Library Access Point,2020-01,adult non fiction large print paperback,1
CAMBS,Bottisham Library Access Point,2020-01,adult non fiction paperback,2
CAMBS,Bottisham Library Access Point,2020-01,adult non-fiction,1
CAMBS,Bottisham Library Access Point,2020-01,bott village college fiction,10
CAMBS,Bottisham Library Access Point,2020-01,bott village college non-fiction,16
CAMBS,Bottisham Library Access Point,2020-01,children's fiction,17
CAMBS,Bottisham Library Access Point,2020-01,children's non-fiction,3
CAMBS,Bottisham Library Access Point,2020-01,children's spoken word cd set,1
CAMBS,Bottisham Library Access Point,2020-01,junior fiction,203
CAMBS,Bottisham Library Access Point,2020-01,junior non-fiction,24
CAMBS,Bottisham Library Access Point,2020-01,picture book,30
CAMBS,Bottisham Library Access Point,2020-01,quick pick fiction,2
CAMBS,Bottisham Library Access Point,2020-01,teenage,6
CAMBS,Bottisham Library Access Point,2020-01,young adult,23
CAMBS,Bottisham Library Access Point,2020-01,young adult plus,15
CAMBS,Brampton Community Library,2019-12,adult fiction,2
CAMBS,Brampton Community Library,2019-12,adult fiction hardback,1
CAMBS,Brampton Community Library,2019-12,adult fiction paperback,10
CAMBS,Brampton Community Library,2019-12,adult non fiction hardback,1
CAMBS,Brampton Community Library,2019-12,adult non fiction paperback,5
CAMBS,Brampton Community Library,2019-12,children's fiction,2
CAMBS,Brampton Community Library,2019-12,junior fiction,9
CAMBS,Brampton Community Library,2020-01,adult fiction,1
CAMBS,Brampton Community Library,2020-01,adult fiction hardback,2
CAMBS,Brampton Community Library,2020-01,adult fiction paperback,22
CAMBS,Brampton Community Library,2020-01,adult non fiction hardback,2
CAMBS,Brampton Community Library,2020-01,adult non fiction paperback,3
CAMBS,Brampton Community Library,2020-01,adult non-fiction,1
CAMBS,Brampton Community Library,2020-01,children's fiction,2
CAMBS,Brampton Community Library,2020-01,junior fiction,49
CAMBS,Brampton Community Library,2020-01,junior non-fiction,14
CAMBS,Brampton Community Library,2020-01,picture book,4
CAMBS,Buckden Library,2019-12,adult fiction,5
CAMBS,Buckden Library,2019-12,adult fiction hardback,16
CAMBS,Buckden Library,2019-12,adult fiction large print hardback,2
CAMBS,Buckden Library,2019-12,adult fiction large print paperback,5
CAMBS,Buckden Library,2019-12,adult fiction paperback,53
CAMBS,Buckden Library,2019-12,adult non fiction paperback,6
CAMBS,Buckden Library,2019-12,adult non-fiction,1
CAMBS,Buckden Library,2019-12,junior fiction,51
CAMBS,Buckden Library,2019-12,junior non-fiction,14
CAMBS,Buckden Library,2019-12,quick pick fiction,1
CAMBS,Buckden Library,2020-01,adult fiction,4
CAMBS,Buckden Library,2020-01,adult fiction hardback,25
CAMBS,Buckden Library,2020-01,adult fiction large print hardback,3
CAMBS,Buckden Library,2020-01,adult fiction large print paperback,3
CAMBS,Buckden Library,2020-01,adult fiction paperback,72
CAMBS,Buckden Library,2020-01,adult non fiction hardback,5
CAMBS,Buckden Library,2020-01,adult non fiction large print paperback,1
CAMBS,Buckden Library,2020-01,adult non fiction paperback,12
CAMBS,Buckden Library,2020-01,adult non-fiction,1
CAMBS,Buckden Library,2020-01,children's fiction,1
CAMBS,Buckden Library,2020-01,children's spoken word cd set,1
CAMBS,Buckden Library,2020-01,junior fiction,102
CAMBS,Buckden Library,2020-01,junior non-fiction,1
CAMBS,Buckden Library,2020-01,quick pick fiction,3
CAMBS,Buckden Library,2020-01,teenage,3
CAMBS,Burwell Library,2019-12,adult fiction,16
CAMBS,Burwell Library,2019-12,adult fiction hardback,22
CAMBS,Burwell Library,2019-12,adult fiction large print hardback,2
CAMBS,Burwell Library,2019-12,adult fiction paperback,86
CAMBS,Burwell Library,2019-12,adult non fiction hardback,6
CAMBS,Burwell Library,2019-12,adult non fiction paperback,6
CAMBS,Burwell Library,2019-12,adult non-fiction,3
CAMBS,Burwell Library,2019-12,adult spoken word cd set,6
CAMBS,Burwell Library,2019-12,children's spoken word cd set,5
CAMBS,Burwell Library,2019-12,junior fiction,60
CAMBS,Burwell Library,2019-12,junior non-fiction,17
CAMBS,Burwell Library,2019-12,quick pick fiction,12
CAMBS,Burwell Library,2019-12,teenage,2
CAMBS,Burwell Library,2020-01,adult fiction,16
CAMBS,Burwell Library,2020-01,adult fiction hardback,18
CAMBS,Burwell Library,2020-01,adult fiction large print hardback,9
CAMBS,Burwell Library,2020-01,adult fiction large print paperback,6
CAMBS,Burwell Library,2020-01,adult fiction paperback,53
CAMBS,Burwell Library,2020-01,adult non fiction hardback,14
CAMBS,Burwell Library,2020-01,adult non fiction paperback,7
CAMBS,Burwell Library,2020-01,adult non-fiction,1
CAMBS,Burwell Library,2020-01,adult spoken word cd set,1
CAMBS,Burwell Library,2020-01,children's spoken word cd set,2
CAMBS,Burwell Library,2020-01,dvd: pg,1
CAMBS,Burwell Library,2020-01,dvd: u,4
CAMBS,Burwell Library,2020-01,junior fiction,148
CAMBS,Burwell Library,2020-01,junior large print,2
CAMBS,Burwell Library,2020-01,junior non-fiction,13
CAMBS,Burwell Library,2020-01,lending,1
CAMBS,Burwell Library,2020-01,picture book,1
CAMBS,Burwell Library,2020-01,quick pick fiction,12
CAMBS,Burwell Library,2020-01,teenage,1
CAMBS,Burwell Library,2020-01,young adult,1
CAMBS,Cambourne Library,2019-12,adult fiction,6
CAMBS,Cambourne Library,2019-12,adult fiction hardback,40
CAMBS,Cambourne Library,2019-12,adult fiction large print hardback,9
CAMBS,Cambourne Library,2019-12,adult fiction large print paperback,2
CAMBS,Cambourne Library,2019-12,adult fiction paperback,96
CAMBS,Cambourne Library,2019-12,adult non fiction hardback,19
CAMBS,Cambourne Library,2019-12,adult non fiction paperback,23
CAMBS,Cambourne Library,2019-12,adult non-fiction,1
CAMBS,Cambourne Library,2019-12,adult spoken word cd,1
CAMBS,Cambourne Library,2019-12,adult spoken word cd set,1
CAMBS,Cambourne Library,2019-12,children's fiction,2
CAMBS,Cambourne Library,2019-12,children's spoken word cd set,15
CAMBS,Cambourne Library,2019-12,dvd: 12,1
CAMBS,Cambourne Library,2019-12,dvd: 15,2
CAMBS,Cambourne Library,2019-12,dvd: 18,1
CAMBS,Cambourne Library,2019-12,dvd: pg,2
CAMBS,Cambourne Library,2019-12,dvd: u,3
CAMBS,Cambourne Library,2019-12,junior fiction,453
CAMBS,Cambourne Library,2019-12,junior non-fiction,43
CAMBS,Cambourne Library,2019-12,music score,1
CAMBS,Cambourne Library,2019-12,teenage,4
CAMBS,Cambourne Library,2019-12,young adult,1
CAMBS,Cambourne Library,2020-01,adult fiction,8
CAMBS,Cambourne Library,2020-01,adult fiction hardback,43
CAMBS,Cambourne Library,2020-01,adult fiction large print hardback,15
CAMBS,Cambourne Library,2020-01,adult fiction large print paperback,5
CAMBS,Cambourne Library,2020-01,adult fiction paperback,149
CAMBS,Cambourne Library,2020-01,adult non fiction hardback,13
CAMBS,Cambourne Library,2020-01,adult non fiction paperback,31
CAMBS,Cambourne Library,2020-01,adult non-fiction,3
CAMBS,Cambourne Library,2020-01,adult spoken word cd,1
CAMBS,Cambourne Library,2020-01,adult spoken word cd set,4
CAMBS,Cambourne Library,2020-01,children's fiction,5
CAMBS,Cambourne Library,2020-01,children's non-fiction,2
CAMBS,Cambourne Library,2020-01,children's spoken word cd set,12
CAMBS,Cambourne Library,2020-01,dvd: 12,4
CAMBS,Cambourne Library,2020-01,dvd: 15,3
CAMBS,Cambourne Library,2020-01,dvd: pg,5
CAMBS,Cambourne Library,2020-01,dvd: u,4
CAMBS,Cambourne Library,2020-01,junior fiction,484
CAMBS,Cambourne Library,2020-01,junior non-fiction,86
CAMBS,Cambourne Library,2020-01,picture book,1
CAMBS,Cambourne Library,2020-01,teenage,7
CAMBS,Cambourne Library,2020-01,young adult,5
CAMBS,Cambridge Central Library,2019-12,adult fiction,12
CAMBS,Cambridge Central Library,2019-12,adult fiction hardback,158
CAMBS,Cambridge Central Library,2019-12,adult fiction large print hardback,2
CAMBS,Cambridge Central Library,2019-12,adult fiction large print paperback,14
CAMBS,Cambridge Central Library,2019-12,adult fiction paperback,373
CAMBS,Cambridge Central Library,2019-12,adult non fiction hardback,131
CAMBS,Cambridge Central Library,2019-12,adult non fiction large print hardback,1
CAMBS,Cambridge Central Library,2019-12,adult non fiction large print paperback,3
CAMBS,Cambridge Central Library,2019-12,adult non fiction paperback,289
CAMBS,Cambridge Central Library,2019-12,adult non-fiction,37
CAMBS,Cambridge Central Library,2019-12,adult spoken word cd,2
CAMBS,Cambridge Central Library,2019-12,adult spoken word cd set,15
CAMBS,Cambridge Central Library,2019-12,blu-ray:18,1
CAMBS,Cambridge Central Library,2019-12,cd,5
CAMBS,Cambridge Central Library,2019-12,children's fiction,19
CAMBS,Cambridge Central Library,2019-12,children's spoken word cd set,21
CAMBS,Cambridge Central Library,2019-12,devices and electronics,1
CAMBS,Cambridge Central Library,2019-12,dvd: 12,19
CAMBS,Cambridge Central Library,2019-12,dvd: 15,22
CAMBS,Cambridge Central Library,2019-12,dvd: 18,1
CAMBS,Cambridge Central Library,2019-12,dvd: pg,8
CAMBS,Cambridge Central Library,2019-12,dvd: u,12
CAMBS,Cambridge Central Library,2019-12,junior fiction,"1,034"
CAMBS,Cambridge Central Library,2019-12,junior large print,5
CAMBS,Cambridge Central Library,2019-12,junior non-fiction,140
CAMBS,Cambridge Central Library,2019-12,map,2
CAMBS,Cambridge Central Library,2019-12,music score,11
CAMBS,Cambridge Central Library,2019-12,picture book,3
CAMBS,Cambridge Central Library,2019-12,teenage,59
CAMBS,Cambridge Central Library,2019-12,young adult,25
CAMBS,Cambridge Central Library,2019-12,young adult plus,13
CAMBS,Cambridge Central Library,2020-01,adult fiction,35
CAMBS,Cambridge Central Library,2020-01,adult fiction hardback,299
CAMBS,Cambridge Central Library,2020-01,adult fiction large print hardback,15
CAMBS,Cambridge Central Library,2020-01,adult fiction large print paperback,15
CAMBS,Cambridge Central Library,2020-01,adult fiction paperback,716
CAMBS,Cambridge Central Library,2020-01,adult non fiction hardback,325
CAMBS,Cambridge Central Library,2020-01,adult non fiction large print hardback,3
CAMBS,Cambridge Central Library,2020-01,adult non fiction large print paperback,2
CAMBS,Cambridge Central Library,2020-01,adult non fiction paperback,597
CAMBS,Cambridge Central Library,2020-01,adult non-fiction,45
CAMBS,Cambridge Central Library,2020-01,adult spoken word cassette,1
CAMBS,Cambridge Central Library,2020-01,adult spoken word cassette set,2
CAMBS,Cambridge Central Library,2020-01,adult spoken word cd,3
CAMBS,Cambridge Central Library,2020-01,adult spoken word cd set,51
CAMBS,Cambridge Central Library,2020-01,cd,5
CAMBS,Cambridge Central Library,2020-01,children's fiction,41
CAMBS,Cambridge Central Library,2020-01,children's non-fiction,1
CAMBS,Cambridge Central Library,2020-01,children's spoken word cd set,35
CAMBS,Cambridge Central Library,2020-01,devices and electronics,2
CAMBS,Cambridge Central Library,2020-01,dvd short,1
CAMBS,Cambridge Central Library,2020-01,dvd: 12,22
CAMBS,Cambridge Central Library,2020-01,dvd: 15,24
CAMBS,Cambridge Central Library,2020-01,dvd: 18,1
CAMBS,Cambridge Central Library,2020-01,dvd: pg,11
CAMBS,Cambridge Central Library,2020-01,dvd: u,25
CAMBS,Cambridge Central Library,2020-01,junior fiction,"1,779"
CAMBS,Cambridge Central Library,2020-01,junior fiction paperback,1
CAMBS,Cambridge Central Library,2020-01,junior large print,12
CAMBS,Cambridge Central Library,2020-01,junior non-fiction,318
CAMBS,Cambridge Central Library,2020-01,map,23
CAMBS,Cambridge Central Library,2020-01,music score,31
CAMBS,Cambridge Central Library,2020-01,picture book,8
CAMBS,Cambridge Central Library,2020-01,quick pick fiction,1
CAMBS,Cambridge Central Library,2020-01,quick pick non-fiction,1
CAMBS,Cambridge Central Library,2020-01,teenage,56
CAMBS,Cambridge Central Library,2020-01,young adult,20
CAMBS,Cambridge Central Library,2020-01,young adult plus,12
CAMBS,Cambridge Central Library,2020-01,adult fiction hardback,18
CAMBS,Cambridge Central Library,2020-01,adult fiction large print paperback,2
CAMBS,Cambridge Central Library,2020-01,adult fiction paperback,48
CAMBS,Cambridge Central Library,2020-01,adult non fiction hardback,31
CAMBS,Cambridge Central Library,2020-01,adult non fiction paperback,49
CAMBS,Cambridge Central Library,2020-01,adult non-fiction,6
CAMBS,Cambridge Central Library,2020-01,adult spoken word cassette set,1
CAMBS,Cambridge Central Library,2020-01,children's fiction,8
CAMBS,Cambridge Central Library,2020-01,children's non-fiction,1
CAMBS,Cambridge Central Library,2020-01,dvd: 12,1
CAMBS,Cambridge Central Library,2020-01,dvd: pg,4
CAMBS,Cambridge Central Library,2020-01,dvd: u,2
CAMBS,Cambridge Central Library,2020-01,junior fiction,303
CAMBS,Cambridge Central Library,2020-01,junior large print,1
CAMBS,Cambridge Central Library,2020-01,junior non-fiction,80
CAMBS,Cambridge Central Library,2020-01,music score,2
CAMBS,Cambridge Central Library,2020-01,picture book,1
CAMBS,Cambridge Central Library,2020-01,teenage,11
CAMBS,Cambridge Central Library,2020-01,young adult,6
CAMBS,Cambridge Central Library,2020-01,young adult plus,2
CAMBS,Cambridgeshire Collection,2020-01,adult fiction hardback,1
CAMBS,Cambridgeshire Collection,2020-01,adult non fiction hardback,1
CAMBS,Cambridgeshire Collection,2020-01,adult non-fiction,1
CAMBS,Cambridgeshire Libraries,2019-12,adult e-audio,11
CAMBS,Cambridgeshire Libraries,2019-12,adult e-books,10
CAMBS,Cambridgeshire Libraries,2019-12,adult fiction,68
CAMBS,Cambridgeshire Libraries,2019-12,adult fiction hardback,344
CAMBS,Cambridgeshire Libraries,2019-12,adult fiction large print hardback,26
CAMBS,Cambridgeshire Libraries,2019-12,adult fiction large print paperback,24
CAMBS,Cambridgeshire Libraries,2019-12,adult fiction paperback,"1,007"
CAMBS,Cambridgeshire Libraries,2019-12,adult non fiction hardback,274
CAMBS,Cambridgeshire Libraries,2019-12,adult non fiction large print hardback,2
CAMBS,Cambridgeshire Libraries,2019-12,adult non fiction paperback,533
CAMBS,Cambridgeshire Libraries,2019-12,adult non-fiction,60
CAMBS,Cambridgeshire Libraries,2019-12,adult spoken word cd set,12
CAMBS,Cambridgeshire Libraries,2019-12,bott village college fiction,1
CAMBS,Cambridgeshire Libraries,2019-12,bott village college non-fiction,1
CAMBS,Cambridgeshire Libraries,2019-12,cd,1
CAMBS,Cambridgeshire Libraries,2019-12,children's fiction,32
CAMBS,Cambridgeshire Libraries,2019-12,children's non-fiction,12
CAMBS,Cambridgeshire Libraries,2019-12,children's spoken word cd set,34
CAMBS,Cambridgeshire Libraries,2019-12,devices and electronics,3
CAMBS,Cambridgeshire Libraries,2019-12,dvd: 15,1
CAMBS,Cambridgeshire Libraries,2019-12,dvd: pg,1
CAMBS,Cambridgeshire Libraries,2019-12,junior fiction,"2,530"
CAMBS,Cambridgeshire Libraries,2019-12,junior fiction hardback,1
CAMBS,Cambridgeshire Libraries,2019-12,junior large print,2
CAMBS,Cambridgeshire Libraries,2019-12,junior non-fiction,417
CAMBS,Cambridgeshire Libraries,2019-12,map,9
CAMBS,Cambridgeshire Libraries,2019-12,music score,7
CAMBS,Cambridgeshire Libraries,2019-12,picture book,17
CAMBS,Cambridgeshire Libraries,2019-12,quick pick fiction,20
CAMBS,Cambridgeshire Libraries,2019-12,quick pick non-fiction,1
CAMBS,Cambridgeshire Libraries,2019-12,teenage,88
CAMBS,Cambridgeshire Libraries,2019-12,young adult,42
CAMBS,Cambridgeshire Libraries,2019-12,young adult plus,20
CAMBS,Cambridgeshire Libraries,2020-01,adult e-audio,7
CAMBS,Cambridgeshire Libraries,2020-01,adult e-books,24
CAMBS,Cambridgeshire Libraries,2020-01,adult fiction,108
CAMBS,Cambridgeshire Libraries,2020-01,adult fiction hardback,445
CAMBS,Cambridgeshire Libraries,2020-01,adult fiction large print hardback,28
CAMBS,Cambridgeshire Libraries,2020-01,adult fiction large print paperback,28
CAMBS,Cambridgeshire Libraries,2020-01,adult fiction paperback,"1,243"
CAMBS,Cambridgeshire Libraries,2020-01,adult non fiction hardback,370
CAMBS,Cambridgeshire Libraries,2020-01,adult non fiction large print hardback,3
CAMBS,Cambridgeshire Libraries,2020-01,adult non fiction large print paperback,3
CAMBS,Cambridgeshire Libraries,2020-01,adult non fiction paperback,704
CAMBS,Cambridgeshire Libraries,2020-01,adult non-fiction,61
CAMBS,Cambridgeshire Libraries,2020-01,adult spoken word cd,2
CAMBS,Cambridgeshire Libraries,2020-01,adult spoken word cd set,16
CAMBS,Cambridgeshire Libraries,2020-01,bott village college fiction,3
CAMBS,Cambridgeshire Libraries,2020-01,bott village college non-fiction,4
CAMBS,Cambridgeshire Libraries,2020-01,children's fiction,49
CAMBS,Cambridgeshire Libraries,2020-01,children's non-fiction,5
CAMBS,Cambridgeshire Libraries,2020-01,children's spoken word cd set,51
CAMBS,Cambridgeshire Libraries,2020-01,devices and electronics,1
CAMBS,Cambridgeshire Libraries,2020-01,dvd: 12,4
CAMBS,Cambridgeshire Libraries,2020-01,dvd: 15,1
CAMBS,Cambridgeshire Libraries,2020-01,dvd: pg,3
CAMBS,Cambridgeshire Libraries,2020-01,dvd: u,1
CAMBS,Cambridgeshire Libraries,2020-01,junior fiction,"3,069"
CAMBS,Cambridgeshire Libraries,2020-01,junior fiction paperback,1
CAMBS,Cambridgeshire Libraries,2020-01,junior large print,4
CAMBS,Cambridgeshire Libraries,2020-01,junior non-fiction,416
CAMBS,Cambridgeshire Libraries,2020-01,map,9
CAMBS,Cambridgeshire Libraries,2020-01,music score,8
CAMBS,Cambridgeshire Libraries,2020-01,picture book,24
CAMBS,Cambridgeshire Libraries,2020-01,quick pick fiction,15
CAMBS,Cambridgeshire Libraries,2020-01,quick pick non-fiction,1
CAMBS,Cambridgeshire Libraries,2020-01,reference- local history,1
CAMBS,Cambridgeshire Libraries,2020-01,teenage,142
CAMBS,Cambridgeshire Libraries,2020-01,young adult,57
CAMBS,Cambridgeshire Libraries,2020-01,young adult plus,31
CAMBS,Cambridgeshire Libraries,2020-01,adult e-books,3
CAMBS,Cambridgeshire Libraries,2020-01,adult fiction,13
CAMBS,Cambridgeshire Libraries,2020-01,adult fiction hardback,65
CAMBS,Cambridgeshire Libraries,2020-01,adult fiction large print hardback,6
CAMBS,Cambridgeshire Libraries,2020-01,adult fiction large print paperback,4
CAMBS,Cambridgeshire Libraries,2020-01,adult fiction paperback,188
CAMBS,Cambridgeshire Libraries,2020-01,adult non fiction hardback,54
CAMBS,Cambridgeshire Libraries,2020-01,adult non fiction paperback,105
CAMBS,Cambridgeshire Libraries,2020-01,adult non-fiction,4
CAMBS,Cambridgeshire Libraries,2020-01,adult spoken word cd set,1
CAMBS,Cambridgeshire Libraries,2020-01,children's fiction,8
CAMBS,Cambridgeshire Libraries,2020-01,children's non-fiction,2
CAMBS,Cambridgeshire Libraries,2020-01,children's spoken word cd set,10
CAMBS,Cambridgeshire Libraries,2020-01,junior fiction,447
CAMBS,Cambridgeshire Libraries,2020-01,junior large print,1
CAMBS,Cambridgeshire Libraries,2020-01,junior non-fiction,69
CAMBS,Cambridgeshire Libraries,2020-01,picture book,7
CAMBS,Cambridgeshire Libraries,2020-01,quick pick fiction,10
CAMBS,Cambridgeshire Libraries,2020-01,teenage,29
CAMBS,Cambridgeshire Libraries,2020-01,young adult,8
CAMBS,Cambridgeshire Libraries,2020-01,young adult plus,1
CAMBS,Chatteris Library,2019-12,adult fiction,6
CAMBS,Chatteris Library,2019-12,adult fiction hardback,46
CAMBS,Chatteris Library,2019-12,adult fiction large print hardback,2
CAMBS,Chatteris Library,2019-12,adult fiction large print paperback,1
CAMBS,Chatteris Library,2019-12,adult fiction paperback,64
CAMBS,Chatteris Library,2019-12,adult non fiction hardback,2
CAMBS,Chatteris Library,2019-12,adult non fiction paperback,6
CAMBS,Chatteris Library,2019-12,adult spoken word cassette,1
CAMBS,Chatteris Library,2019-12,adult spoken word cassette set,2
CAMBS,Chatteris Library,2019-12,adult spoken word cd set,3
CAMBS,Chatteris Library,2019-12,children's spoken word cd set,1
CAMBS,Chatteris Library,2019-12,junior fiction,63
CAMBS,Chatteris Library,2019-12,junior non-fiction,3
CAMBS,Chatteris Library,2019-12,quick pick fiction,1
CAMBS,Chatteris Library,2019-12,teenage,1
CAMBS,Chatteris Library,2019-12,young adult,1
CAMBS,Chatteris Library,2020-01,adult fiction,5
CAMBS,Chatteris Library,2020-01,adult fiction hardback,44
CAMBS,Chatteris Library,2020-01,adult fiction large print hardback,14
CAMBS,Chatteris Library,2020-01,adult fiction large print paperback,1
CAMBS,Chatteris Library,2020-01,adult fiction paperback,94
CAMBS,Chatteris Library,2020-01,adult non fiction hardback,11
CAMBS,Chatteris Library,2020-01,adult non fiction large print hardback,2
CAMBS,Chatteris Library,2020-01,adult non fiction paperback,19
CAMBS,Chatteris Library,2020-01,adult spoken word cassette set,3
CAMBS,Chatteris Library,2020-01,adult spoken word cd set,1
CAMBS,Chatteris Library,2020-01,children's fiction,1
CAMBS,Chatteris Library,2020-01,dvd: pg,2
CAMBS,Chatteris Library,2020-01,dvd: u,3
CAMBS,Chatteris Library,2020-01,junior fiction,93
CAMBS,Chatteris Library,2020-01,junior non-fiction,4
CAMBS,Chatteris Library,2020-01,picture book,1
CAMBS,Chatteris Library,2020-01,quick pick fiction,3
CAMBS,Chatteris Library,2020-01,teenage,2
CAMBS,Cherry Hinton Library,2019-12,adult fiction,3
CAMBS,Cherry Hinton Library,2019-12,adult fiction hardback,25
CAMBS,Cherry Hinton Library,2019-12,adult fiction paperback,82
CAMBS,Cherry Hinton Library,2019-12,adult non fiction hardback,13
CAMBS,Cherry Hinton Library,2019-12,adult non fiction paperback,25
CAMBS,Cherry Hinton Library,2019-12,adult non-fiction,1
CAMBS,Cherry Hinton Library,2019-12,adult spoken word cd,1
CAMBS,Cherry Hinton Library,2019-12,adult spoken word cd set,3
CAMBS,Cherry Hinton Library,2019-12,children's fiction,1
CAMBS,Cherry Hinton Library,2019-12,children's non-fiction,2
CAMBS,Cherry Hinton Library,2019-12,children's spoken word cd set,1
CAMBS,Cherry Hinton Library,2019-12,dvd: 15,1
CAMBS,Cherry Hinton Library,2019-12,dvd: pg,1
CAMBS,Cherry Hinton Library,2019-12,junior fiction,398
CAMBS,Cherry Hinton Library,2019-12,junior non-fiction,45
CAMBS,Cherry Hinton Library,2019-12,map,1
CAMBS,Cherry Hinton Library,2019-12,teenage,17
CAMBS,Cherry Hinton Library,2019-12,young adult,5
CAMBS,Cherry Hinton Library,2019-12,young adult plus,1
CAMBS,Cherry Hinton Library,2020-01,adult fiction,12
CAMBS,Cherry Hinton Library,2020-01,adult fiction hardback,49
CAMBS,Cherry Hinton Library,2020-01,adult fiction large print hardback,3
CAMBS,Cherry Hinton Library,2020-01,adult fiction large print paperback,3
CAMBS,Cherry Hinton Library,2020-01,adult fiction paperback,110
CAMBS,Cherry Hinton Library,2020-01,adult non fiction hardback,19
CAMBS,Cherry Hinton Library,2020-01,adult non fiction large print hardback,1
CAMBS,Cherry Hinton Library,2020-01,adult non fiction paperback,48
CAMBS,Cherry Hinton Library,2020-01,adult non-fiction,1
CAMBS,Cherry Hinton Library,2020-01,adult spoken word cd set,3
CAMBS,Cherry Hinton Library,2020-01,children's fiction,1
CAMBS,Cherry Hinton Library,2020-01,children's non-fiction,2
CAMBS,Cherry Hinton Library,2020-01,children's spoken word cd set,5
CAMBS,Cherry Hinton Library,2020-01,dvd: 12,1
CAMBS,Cherry Hinton Library,2020-01,dvd: u,4
CAMBS,Cherry Hinton Library,2020-01,junior fiction,443
CAMBS,Cherry Hinton Library,2020-01,junior non-fiction,52
CAMBS,Cherry Hinton Library,2020-01,picture book,1
CAMBS,Cherry Hinton Library,2020-01,quick pick fiction,1
CAMBS,Cherry Hinton Library,2020-01,teenage,14
CAMBS,Cherry Hinton Library,2020-01,young adult,7
CAMBS,Cherry Hinton Library,2020-01,young adult plus,2
CAMBS,Clay Farm Library,2019-12,adult fiction hardback,5
CAMBS,Clay Farm Library,2019-12,adult fiction large print hardback,1
CAMBS,Clay Farm Library,2019-12,adult fiction large print paperback,11
CAMBS,Clay Farm Library,2019-12,adult fiction paperback,16
CAMBS,Clay Farm Library,2019-12,adult non fiction hardback,4
CAMBS,Clay Farm Library,2019-12,adult non fiction paperback,15
CAMBS,Clay Farm Library,2019-12,children's fiction,1
CAMBS,Clay Farm Library,2019-12,children's non-fiction,1
CAMBS,Clay Farm Library,2019-12,children's spoken word cd set,11
CAMBS,Clay Farm Library,2019-12,junior fiction,244
CAMBS,Clay Farm Library,2019-12,junior non-fiction,20
CAMBS,Clay Farm Library,2019-12,teenage,2
CAMBS,Clay Farm Library,2019-12,young adult,3
CAMBS,Clay Farm Library,2019-12,young adult plus,1
CAMBS,Clay Farm Library,2020-01,adult fiction,1
CAMBS,Clay Farm Library,2020-01,adult fiction hardback,13
CAMBS,Clay Farm Library,2020-01,adult fiction large print paperback,1
CAMBS,Clay Farm Library,2020-01,adult fiction paperback,49
CAMBS,Clay Farm Library,2020-01,adult non fiction hardback,16
CAMBS,Clay Farm Library,2020-01,adult non fiction paperback,21
CAMBS,Clay Farm Library,2020-01,adult non-fiction,3
CAMBS,Clay Farm Library,2020-01,children's fiction,4
CAMBS,Clay Farm Library,2020-01,children's non-fiction,1
CAMBS,Clay Farm Library,2020-01,children's spoken word cd set,7
CAMBS,Clay Farm Library,2020-01,junior fiction,415
CAMBS,Clay Farm Library,2020-01,junior non-fiction,42
CAMBS,Clay Farm Library,2020-01,picture book,2
CAMBS,Clay Farm Library,2020-01,teenage,12
CAMBS,Clay Farm Library,2020-01,young adult,9
CAMBS,Comberton Library,2019-12,adult fiction,5
CAMBS,Comberton Library,2019-12,adult fiction hardback,19
CAMBS,Comberton Library,2019-12,adult fiction paperback,45
CAMBS,Comberton Library,2019-12,adult non fiction hardback,4
CAMBS,Comberton Library,2019-12,adult non fiction paperback,7
CAMBS,Comberton Library,2019-12,adult non-fiction,1
CAMBS,Comberton Library,2019-12,children's spoken word cd set,3
CAMBS,Comberton Library,2019-12,dvd: 12,2
CAMBS,Comberton Library,2019-12,junior fiction,76
CAMBS,Comberton Library,2019-12,junior large print,1
CAMBS,Comberton Library,2019-12,junior non-fiction,8
CAMBS,Comberton Library,2019-12,teenage,11
CAMBS,Comberton Library,2019-12,young adult,3
CAMBS,Comberton Library,2019-12,young adult plus,3
CAMBS,Comberton Library,2020-01,adult fiction,5
CAMBS,Comberton Library,2020-01,adult fiction hardback,30
CAMBS,Comberton Library,2020-01,adult fiction large print hardback,3
CAMBS,Comberton Library,2020-01,adult fiction large print paperback,1
CAMBS,Comberton Library,2020-01,adult fiction paperback,51
CAMBS,Comberton Library,2020-01,adult non fiction hardback,9
CAMBS,Comberton Library,2020-01,adult non fiction paperback,17
CAMBS,Comberton Library,2020-01,adult spoken word cd,1
CAMBS,Comberton Library,2020-01,adult spoken word cd set,12
CAMBS,Comberton Library,2020-01,children's spoken word cd set,1
CAMBS,Comberton Library,2020-01,junior fiction,139
CAMBS,Comberton Library,2020-01,junior non-fiction,23
CAMBS,Comberton Library,2020-01,picture book,1
CAMBS,Comberton Library,2020-01,quick pick fiction,1
CAMBS,Comberton Library,2020-01,teenage,18
CAMBS,Comberton Library,2020-01,young adult,3
CAMBS,Comberton Library,2020-01,young adult fiction paperback,1
CAMBS,Comberton Library,2020-01,young adult plus,5
CAMBS,Cottenham Library,2019-12,adult fiction,1
CAMBS,Cottenham Library,2019-12,adult fiction hardback,32
CAMBS,Cottenham Library,2019-12,adult fiction large print hardback,5
CAMBS,Cottenham Library,2019-12,adult fiction large print paperback,2
CAMBS,Cottenham Library,2019-12,adult fiction paperback,51
CAMBS,Cottenham Library,2019-12,adult non fiction hardback,7
CAMBS,Cottenham Library,2019-12,adult non fiction paperback,7
CAMBS,Cottenham Library,2019-12,children's non-fiction,1
CAMBS,Cottenham Library,2019-12,children's spoken word cd set,2
CAMBS,Cottenham Library,2019-12,dvd: u,1
CAMBS,Cottenham Library,2019-12,junior fiction,98
CAMBS,Cottenham Library,2019-12,junior non-fiction,31
CAMBS,Cottenham Library,2019-12,teenage,1
CAMBS,Cottenham Library,2019-12,young adult,5
CAMBS,Cottenham Library,2020-01,adult fiction,3
CAMBS,Cottenham Library,2020-01,adult fiction hardback,33
CAMBS,Cottenham Library,2020-01,adult fiction large print hardback,2
CAMBS,Cottenham Library,2020-01,adult fiction paperback,66
CAMBS,Cottenham Library,2020-01,adult non fiction hardback,8
CAMBS,Cottenham Library,2020-01,adult non fiction paperback,13
CAMBS,Cottenham Library,2020-01,adult spoken word cd set,3
CAMBS,Cottenham Library,2020-01,children's fiction,2
CAMBS,Cottenham Library,2020-01,children's non-fiction,3
CAMBS,Cottenham Library,2020-01,children's spoken word cd set,4
CAMBS,Cottenham Library,2020-01,junior fiction,122
CAMBS,Cottenham Library,2020-01,junior non-fiction,21
CAMBS,County Store,2019-12,adult fiction,1
CAMBS,County Store,2019-12,adult fiction hardback,2
CAMBS,County Store,2019-12,adult fiction paperback,1
CAMBS,County Store,2019-12,adult non fiction hardback,7
CAMBS,County Store,2019-12,adult non fiction paperback,7
CAMBS,County Store,2019-12,adult spoken word cd set,7
CAMBS,County Store,2019-12,junior fiction,1
CAMBS,County Store,2019-12,teenage,1
CAMBS,County Store,2019-12,vocal score sets,1
CAMBS,County Store,2020-01,adult fiction hardback,3
CAMBS,County Store,2020-01,adult fiction paperback,4
CAMBS,County Store,2020-01,adult non fiction hardback,5
CAMBS,County Store,2020-01,adult non fiction paperback,6
CAMBS,County Store,2020-01,adult non-fiction,1
CAMBS,County Store,2020-01,adult spoken word cd set,7
CAMBS,County Store,2020-01,children's non-fiction,1
CAMBS,County Store,2020-01,inter-library loan,1
CAMBS,County Store,2020-01,junior fiction,4
CAMBS,County Store,2020-01,vocal score sets,1
CAMBS,County Store,2020-01,young adult,1
CAMBS,Ely Library,2019-12,adult fiction,20
CAMBS,Ely Library,2019-12,adult fiction hardback,143
CAMBS,Ely Library,2019-12,adult fiction large print hardback,22
CAMBS,Ely Library,2019-12,adult fiction large print paperback,32
CAMBS,Ely Library,2019-12,adult fiction paperback,286
CAMBS,Ely Library,2019-12,adult non fiction hardback,58
CAMBS,Ely Library,2019-12,adult non fiction large print hardback,1
CAMBS,Ely Library,2019-12,adult non fiction paperback,77
CAMBS,Ely Library,2019-12,adult non-fiction,15
CAMBS,Ely Library,2019-12,adult spoken word cd,1
CAMBS,Ely Library,2019-12,adult spoken word cd set,13
CAMBS,Ely Library,2019-12,children's fiction,15
CAMBS,Ely Library,2019-12,children's non-fiction,4
CAMBS,Ely Library,2019-12,children's spoken word cd set,13
CAMBS,Ely Library,2019-12,dvd: 12,5
CAMBS,Ely Library,2019-12,dvd: 15,1
CAMBS,Ely Library,2019-12,dvd: pg,5
CAMBS,Ely Library,2019-12,dvd: u,10
CAMBS,Ely Library,2019-12,junior fiction,643
CAMBS,Ely Library,2019-12,junior non-fiction,109
CAMBS,Ely Library,2019-12,map,9
CAMBS,Ely Library,2019-12,picture book,8
CAMBS,Ely Library,2019-12,quick pick fiction,5
CAMBS,Ely Library,2019-12,teenage,20
CAMBS,Ely Library,2019-12,young adult,7
CAMBS,Ely Library,2019-12,young adult plus,1
CAMBS,Ely Library,2020-01,adult fiction,45
CAMBS,Ely Library,2020-01,adult fiction hardback,137
CAMBS,Ely Library,2020-01,adult fiction large print hardback,27
CAMBS,Ely Library,2020-01,adult fiction large print paperback,30
CAMBS,Ely Library,2020-01,adult fiction paperback,367
CAMBS,Ely Library,2020-01,adult non fiction hardback,79
CAMBS,Ely Library,2020-01,adult non fiction large print hardback,2
CAMBS,Ely Library,2020-01,adult non fiction large print paperback,3
CAMBS,Ely Library,2020-01,adult non fiction paperback,153
CAMBS,Ely Library,2020-01,adult non-fiction,23
CAMBS,Ely Library,2020-01,adult spoken word cassette,1
CAMBS,Ely Library,2020-01,adult spoken word cassette set,3
CAMBS,Ely Library,2020-01,adult spoken word cd set,29
CAMBS,Ely Library,2020-01,children's fiction,20
CAMBS,Ely Library,2020-01,children's non-fiction,2
CAMBS,Ely Library,2020-01,children's spoken word cd set,15
CAMBS,Ely Library,2020-01,dvd: 12,5
CAMBS,Ely Library,2020-01,dvd: 15,5
CAMBS,Ely Library,2020-01,dvd: 18,3
CAMBS,Ely Library,2020-01,dvd: pg,3
CAMBS,Ely Library,2020-01,dvd: u,8
CAMBS,Ely Library,2020-01,junior fiction,965
CAMBS,Ely Library,2020-01,junior large print,3
CAMBS,Ely Library,2020-01,junior non-fiction,163
CAMBS,Ely Library,2020-01,lending,1
CAMBS,Ely Library,2020-01,map,4
CAMBS,Ely Library,2020-01,picture book,17
CAMBS,Ely Library,2020-01,quick pick fiction,1
CAMBS,Ely Library,2020-01,teenage,24
CAMBS,Ely Library,2020-01,young adult,5
CAMBS,Ely Library,2020-01,young adult plus,8
CAMBS,Fulbourn Library Access Point,2019-12,adult fiction,1
CAMBS,Fulbourn Library Access Point,2019-12,adult fiction hardback,8
CAMBS,Fulbourn Library Access Point,2019-12,adult fiction large print hardback,2
CAMBS,Fulbourn Library Access Point,2019-12,adult fiction large print paperback,4
CAMBS,Fulbourn Library Access Point,2019-12,adult fiction paperback,46
CAMBS,Fulbourn Library Access Point,2019-12,adult non fiction hardback,4
CAMBS,Fulbourn Library Access Point,2019-12,adult non fiction paperback,3
CAMBS,Fulbourn Library Access Point,2019-12,children's fiction,3
CAMBS,Fulbourn Library Access Point,2019-12,dvd: 15,1
CAMBS,Fulbourn Library Access Point,2019-12,junior fiction,63
CAMBS,Fulbourn Library Access Point,2019-12,junior non-fiction,4
CAMBS,Fulbourn Library Access Point,2019-12,teenage,5
CAMBS,Fulbourn Library Access Point,2019-12,young adult,11
CAMBS,Fulbourn Library Access Point,2020-01,adult fiction,2
CAMBS,Fulbourn Library Access Point,2020-01,adult fiction hardback,12
CAMBS,Fulbourn Library Access Point,2020-01,adult fiction large print hardback,1
CAMBS,Fulbourn Library Access Point,2020-01,adult fiction paperback,77
CAMBS,Fulbourn Library Access Point,2020-01,adult non fiction hardback,7
CAMBS,Fulbourn Library Access Point,2020-01,adult non fiction paperback,1
CAMBS,Fulbourn Library Access Point,2020-01,adult spoken word cd set,1
CAMBS,Fulbourn Library Access Point,2020-01,junior fiction,49
CAMBS,Fulbourn Library Access Point,2020-01,junior non-fiction,5
CAMBS,Fulbourn Library Access Point,2020-01,picture book,1
CAMBS,Fulbourn Library Access Point,2020-01,teenage,2
CAMBS,Fulbourn Library Access Point,2020-01,young adult,1
CAMBS,Gamlingay Library Access Point,2019-12,adult fiction,2
CAMBS,Gamlingay Library Access Point,2019-12,adult fiction hardback,3
CAMBS,Gamlingay Library Access Point,2019-12,adult fiction large print hardback,1
CAMBS,Gamlingay Library Access Point,2019-12,adult fiction paperback,16
CAMBS,Gamlingay Library Access Point,2019-12,adult non fiction hardback,2
CAMBS,Gamlingay Library Access Point,2019-12,adult non fiction paperback,3
CAMBS,Gamlingay Library Access Point,2019-12,children's fiction,1
CAMBS,Gamlingay Library Access Point,2019-12,junior fiction,6
CAMBS,Gamlingay Library Access Point,2019-12,junior non-fiction,1
CAMBS,Gamlingay Library Access Point,2019-12,teenage,1
CAMBS,Gamlingay Library Access Point,2019-12,young adult,1
CAMBS,Gamlingay Library Access Point,2020-01,adult fiction,1
CAMBS,Gamlingay Library Access Point,2020-01,adult fiction hardback,6
CAMBS,Gamlingay Library Access Point,2020-01,adult fiction large print hardback,3
CAMBS,Gamlingay Library Access Point,2020-01,adult fiction large print paperback,20
CAMBS,Gamlingay Library Access Point,2020-01,adult fiction paperback,36
CAMBS,Gamlingay Library Access Point,2020-01,adult non fiction hardback,7
CAMBS,Gamlingay Library Access Point,2020-01,adult non fiction paperback,10
CAMBS,Gamlingay Library Access Point,2020-01,adult spoken word cassette set,1
CAMBS,Gamlingay Library Access Point,2020-01,adult spoken word cd set,3
CAMBS,Gamlingay Library Access Point,2020-01,junior fiction,11
CAMBS,Gamlingay Library Access Point,2020-01,quick pick fiction,1
CAMBS,Gamlingay Library Access Point,2020-01,young adult,1
CAMBS,Great Shelford Library,2019-12,adult fiction,18
CAMBS,Great Shelford Library,2019-12,adult fiction hardback,39
CAMBS,Great Shelford Library,2019-12,adult fiction large print paperback,3
CAMBS,Great Shelford Library,2019-12,adult fiction paperback,111
CAMBS,Great Shelford Library,2019-12,adult non fiction hardback,19
CAMBS,Great Shelford Library,2019-12,adult non fiction paperback,30
CAMBS,Great Shelford Library,2019-12,adult spoken word cd set,4
CAMBS,Great Shelford Library,2019-12,children's non-fiction,2
CAMBS,Great Shelford Library,2019-12,children's spoken word cd set,8
CAMBS,Great Shelford Library,2019-12,dvd: pg,1
CAMBS,Great Shelford Library,2019-12,dvd: u,1
CAMBS,Great Shelford Library,2019-12,junior fiction,233
CAMBS,Great Shelford Library,2019-12,junior large print,1
CAMBS,Great Shelford Library,2019-12,junior non-fiction,32
CAMBS,Great Shelford Library,2019-12,music score,2
CAMBS,Great Shelford Library,2019-12,picture book,1
CAMBS,Great Shelford Library,2019-12,quick pick fiction,2
CAMBS,Great Shelford Library,2019-12,teenage,7
CAMBS,Great Shelford Library,2019-12,young adult,3
CAMBS,Great Shelford Library,2019-12,young adult plus,1
CAMBS,Great Shelford Library,2020-01,adult fiction,18
CAMBS,Great Shelford Library,2020-01,adult fiction hardback,52
CAMBS,Great Shelford Library,2020-01,adult fiction large print hardback,4
CAMBS,Great Shelford Library,2020-01,adult fiction large print paperback,4
CAMBS,Great Shelford Library,2020-01,adult fiction paperback,114
CAMBS,Great Shelford Library,2020-01,adult non fiction hardback,35
CAMBS,Great Shelford Library,2020-01,adult non fiction large print paperback,1
CAMBS,Great Shelford Library,2020-01,adult non fiction paperback,57
CAMBS,Great Shelford Library,2020-01,adult non-fiction,2
CAMBS,Great Shelford Library,2020-01,adult spoken word cassette set,1
CAMBS,Great Shelford Library,2020-01,adult spoken word cd set,10
CAMBS,Great Shelford Library,2020-01,children's fiction,1
CAMBS,Great Shelford Library,2020-01,children's non-fiction,5
CAMBS,Great Shelford Library,2020-01,children's spoken word cd set,6
CAMBS,Great Shelford Library,2020-01,dvd: 12,2
CAMBS,Great Shelford Library,2020-01,dvd: u,7
CAMBS,Great Shelford Library,2020-01,junior fiction,480
CAMBS,Great Shelford Library,2020-01,junior non-fiction,61
CAMBS,Great Shelford Library,2020-01,picture book,1
CAMBS,Great Shelford Library,2020-01,quick pick fiction,4
CAMBS,Great Shelford Library,2020-01,teenage,17
CAMBS,Great Shelford Library,2020-01,young adult,8
CAMBS,Haddenham Library Access Point,2019-12,adult fiction hardback,2
CAMBS,Haddenham Library Access Point,2019-12,adult fiction paperback,55
CAMBS,Haddenham Library Access Point,2019-12,adult non fiction hardback,1
CAMBS,Haddenham Library Access Point,2019-12,adult non fiction paperback,3
CAMBS,Haddenham Library Access Point,2019-12,junior fiction,49
CAMBS,Haddenham Library Access Point,2019-12,junior non-fiction,10
CAMBS,Haddenham Library Access Point,2019-12,young adult,6
CAMBS,Haddenham Library Access Point,2020-01,adult fiction,1
CAMBS,Haddenham Library Access Point,2020-01,adult fiction hardback,3
CAMBS,Haddenham Library Access Point,2020-01,adult fiction paperback,54
CAMBS,Haddenham Library Access Point,2020-01,adult non fiction hardback,4
CAMBS,Haddenham Library Access Point,2020-01,adult non fiction paperback,9
CAMBS,Haddenham Library Access Point,2020-01,junior fiction,60
CAMBS,Haddenham Library Access Point,2020-01,junior non-fiction,9
CAMBS,Haddenham Library Access Point,2020-01,young adult,7
CAMBS,Histon Library,2019-12,adult fiction,4
CAMBS,Histon Library,2019-12,adult fiction hardback,63
CAMBS,Histon Library,2019-12,adult fiction large print hardback,14
CAMBS,Histon Library,2019-12,adult fiction large print paperback,6
CAMBS,Histon Library,2019-12,adult fiction paperback,90
CAMBS,Histon Library,2019-12,adult non fiction hardback,22
CAMBS,Histon Library,2019-12,adult non fiction large print paperback,1
CAMBS,Histon Library,2019-12,adult non fiction paperback,21
CAMBS,Histon Library,2019-12,adult spoken word cassette set,1
CAMBS,Histon Library,2019-12,adult spoken word cd,1
CAMBS,Histon Library,2019-12,adult spoken word cd set,7
CAMBS,Histon Library,2019-12,children's fiction,3
CAMBS,Histon Library,2019-12,children's spoken word cd set,2
CAMBS,Histon Library,2019-12,dvd: 12,2
CAMBS,Histon Library,2019-12,dvd: u,4
CAMBS,Histon Library,2019-12,junior fiction,312
CAMBS,Histon Library,2019-12,junior non-fiction,34
CAMBS,Histon Library,2019-12,picture book,3
CAMBS,Histon Library,2019-12,teenage,4
CAMBS,Histon Library,2019-12,young adult,4
CAMBS,Histon Library,2020-01,adult fiction,2
CAMBS,Histon Library,2020-01,adult fiction hardback,66
CAMBS,Histon Library,2020-01,adult fiction large print hardback,14
CAMBS,Histon Library,2020-01,adult fiction large print paperback,9
CAMBS,Histon Library,2020-01,adult fiction paperback,124
CAMBS,Histon Library,2020-01,adult non fiction hardback,32
CAMBS,Histon Library,2020-01,adult non fiction large print hardback,2
CAMBS,Histon Library,2020-01,adult non fiction paperback,56
CAMBS,Histon Library,2020-01,adult non-fiction,1
CAMBS,Histon Library,2020-01,adult spoken word cd set,5
CAMBS,Histon Library,2020-01,children's fiction,1
CAMBS,Histon Library,2020-01,children's non-fiction,1
CAMBS,Histon Library,2020-01,children's spoken word cd set,5
CAMBS,Histon Library,2020-01,dvd short,1
CAMBS,Histon Library,2020-01,dvd: 12,3
CAMBS,Histon Library,2020-01,dvd: 15,1
CAMBS,Histon Library,2020-01,dvd: u,4
CAMBS,Histon Library,2020-01,junior fiction,396
CAMBS,Histon Library,2020-01,junior non-fiction,149
CAMBS,Histon Library,2020-01,picture book,2
CAMBS,Histon Library,2020-01,teenage,14
CAMBS,Histon Library,2020-01,young adult,4
CAMBS,Histon Library,2020-01,young adult plus,2
CAMBS,Huntingdon Library,2019-12,adult fiction,42
CAMBS,Huntingdon Library,2019-12,adult fiction hardback,135
CAMBS,Huntingdon Library,2019-12,adult fiction large print hardback,27
CAMBS,Huntingdon Library,2019-12,adult fiction large print paperback,31
CAMBS,Huntingdon Library,2019-12,adult fiction paperback,335
CAMBS,Huntingdon Library,2019-12,adult non fiction hardback,43
CAMBS,Huntingdon Library,2019-12,adult non fiction paperback,87
CAMBS,Huntingdon Library,2019-12,adult non-fiction,6
CAMBS,Huntingdon Library,2019-12,adult spoken word cd,1
CAMBS,Huntingdon Library,2019-12,adult spoken word cd set,6
CAMBS,Huntingdon Library,2019-12,children's fiction,8
CAMBS,Huntingdon Library,2019-12,children's non-fiction,2
CAMBS,Huntingdon Library,2019-12,children's spoken word cd set,2
CAMBS,Huntingdon Library,2019-12,dvd: 12,4
CAMBS,Huntingdon Library,2019-12,dvd: 15,3
CAMBS,Huntingdon Library,2019-12,dvd: pg,3
CAMBS,Huntingdon Library,2019-12,dvd: u,1
CAMBS,Huntingdon Library,2019-12,junior fiction,403
CAMBS,Huntingdon Library,2019-12,junior large print,4
CAMBS,Huntingdon Library,2019-12,junior non-fiction,103
CAMBS,Huntingdon Library,2019-12,map,4
CAMBS,Huntingdon Library,2019-12,picture book,1
CAMBS,Huntingdon Library,2019-12,quick pick fiction,3
CAMBS,Huntingdon Library,2019-12,teenage,11
CAMBS,Huntingdon Library,2019-12,young adult,12
CAMBS,Huntingdon Library,2019-12,young adult plus,1
CAMBS,Huntingdon Library,2020-01,adult fiction,53
CAMBS,Huntingdon Library,2020-01,adult fiction hardback,209
CAMBS,Huntingdon Library,2020-01,adult fiction large print hardback,36
CAMBS,Huntingdon Library,2020-01,adult fiction large print paperback,32
CAMBS,Huntingdon Library,2020-01,adult fiction paperback,456
CAMBS,Huntingdon Library,2020-01,adult non fiction hardback,59
CAMBS,Huntingdon Library,2020-01,adult non fiction large print hardback,2
CAMBS,Huntingdon Library,2020-01,adult non fiction large print paperback,1
CAMBS,Huntingdon Library,2020-01,adult non fiction paperback,119
CAMBS,Huntingdon Library,2020-01,adult non-fiction,13
CAMBS,Huntingdon Library,2020-01,adult spoken word cassette,1
CAMBS,Huntingdon Library,2020-01,adult spoken word cd,1
CAMBS,Huntingdon Library,2020-01,adult spoken word cd set,1
CAMBS,Huntingdon Library,2020-01,cd,2
CAMBS,Huntingdon Library,2020-01,children's fiction,11
CAMBS,Huntingdon Library,2020-01,children's non-fiction,2
CAMBS,Huntingdon Library,2020-01,children's spoken word cd set,10
CAMBS,Huntingdon Library,2020-01,dvd: 12,5
CAMBS,Huntingdon Library,2020-01,dvd: 15,3
CAMBS,Huntingdon Library,2020-01,dvd: pg,2
CAMBS,Huntingdon Library,2020-01,dvd: u,1
CAMBS,Huntingdon Library,2020-01,junior fiction,376
CAMBS,Huntingdon Library,2020-01,junior large print,5
CAMBS,Huntingdon Library,2020-01,junior non-fiction,75
CAMBS,Huntingdon Library,2020-01,map,12
CAMBS,Huntingdon Library,2020-01,music score,2
CAMBS,Huntingdon Library,2020-01,picture book,1
CAMBS,Huntingdon Library,2020-01,quick pick fiction,3
CAMBS,Huntingdon Library,2020-01,teenage,32
CAMBS,Huntingdon Library,2020-01,young adult,12
CAMBS,Huntingdon Library,2020-01,young adult plus,2
CAMBS,Linton Library,2019-12,adult fiction,4
CAMBS,Linton Library,2019-12,adult fiction hardback,33
CAMBS,Linton Library,2019-12,adult fiction large print hardback,2
CAMBS,Linton Library,2019-12,adult fiction paperback,43
CAMBS,Linton Library,2019-12,adult non fiction hardback,18
CAMBS,Linton Library,2019-12,adult non fiction paperback,8
CAMBS,Linton Library,2019-12,adult non-fiction,5
CAMBS,Linton Library,2019-12,adult spoken word cd,1
CAMBS,Linton Library,2019-12,adult spoken word cd set,3
CAMBS,Linton Library,2019-12,junior fiction,123
CAMBS,Linton Library,2019-12,junior non-fiction,15
CAMBS,Linton Library,2019-12,picture book,1
CAMBS,Linton Library,2019-12,quick pick fiction,1
CAMBS,Linton Library,2019-12,teenage,3
CAMBS,Linton Library,2019-12,young adult,2
CAMBS,Linton Library,2020-01,adult fiction,3
CAMBS,Linton Library,2020-01,adult fiction hardback,37
CAMBS,Linton Library,2020-01,adult fiction large print hardback,11
CAMBS,Linton Library,2020-01,adult fiction large print paperback,6
CAMBS,Linton Library,2020-01,adult fiction paperback,78
CAMBS,Linton Library,2020-01,adult non fiction hardback,11
CAMBS,Linton Library,2020-01,adult non fiction large print hardback,2
CAMBS,Linton Library,2020-01,adult non fiction large print paperback,1
CAMBS,Linton Library,2020-01,adult non fiction paperback,26
CAMBS,Linton Library,2020-01,adult spoken word cd set,2
CAMBS,Linton Library,2020-01,children's non-fiction,2
CAMBS,Linton Library,2020-01,junior fiction,266
CAMBS,Linton Library,2020-01,junior non-fiction,22
CAMBS,Linton Library,2020-01,picture book,1
CAMBS,Linton Library,2020-01,quick pick fiction,1
CAMBS,Linton Library,2020-01,teenage,3
CAMBS,Linton Library,2020-01,young adult,1
CAMBS,Linton Library,2020-01,young adult plus,1
CAMBS,Little Downham Library Access Point,2020-01,adult fiction hardback,3
CAMBS,Little Downham Library Access Point,2020-01,adult fiction large print hardback,3
CAMBS,Little Downham Library Access Point,2020-01,adult fiction large print paperback,4
CAMBS,Little Downham Library Access Point,2020-01,adult fiction paperback,25
CAMBS,Little Downham Library Access Point,2020-01,adult non fiction paperback,1
CAMBS,Little Downham Library Access Point,2020-01,children's fiction,1
CAMBS,Little Downham Library Access Point,2020-01,junior fiction,13
CAMBS,Little Downham Library Access Point,2020-01,quick pick fiction,1
CAMBS,Littleport Library,2019-12,adult fiction,2
CAMBS,Littleport Library,2019-12,adult fiction hardback,9
CAMBS,Littleport Library,2019-12,adult fiction large print hardback,1
CAMBS,Littleport Library,2019-12,adult fiction large print paperback,4
CAMBS,Littleport Library,2019-12,adult fiction paperback,18
CAMBS,Littleport Library,2019-12,adult non fiction hardback,8
CAMBS,Littleport Library,2019-12,adult non fiction paperback,4
CAMBS,Littleport Library,2019-12,adult non-fiction,1
CAMBS,Littleport Library,2019-12,adult spoken word cd set,7
CAMBS,Littleport Library,2019-12,junior fiction,61
CAMBS,Littleport Library,2019-12,junior non-fiction,5
CAMBS,Littleport Library,2020-01,adult fiction hardback,24
CAMBS,Littleport Library,2020-01,adult fiction large print hardback,20
CAMBS,Littleport Library,2020-01,adult fiction large print paperback,4
CAMBS,Littleport Library,2020-01,adult fiction paperback,54
CAMBS,Littleport Library,2020-01,adult non fiction hardback,23
CAMBS,Littleport Library,2020-01,adult non fiction large print paperback,1
CAMBS,Littleport Library,2020-01,adult non fiction paperback,20
CAMBS,Littleport Library,2020-01,adult spoken word cd set,5
CAMBS,Littleport Library,2020-01,children's non-fiction,1
CAMBS,Littleport Library,2020-01,dvd: u,1
CAMBS,Littleport Library,2020-01,junior fiction,97
CAMBS,Littleport Library,2020-01,junior non-fiction,11
CAMBS,Littleport Library,2020-01,picture book,1
CAMBS,Littleport Library,2020-01,young adult,1
CAMBS,March Library,2019-12,adult fiction,31
CAMBS,March Library,2019-12,adult fiction hardback,86
CAMBS,March Library,2019-12,adult fiction large print hardback,33
CAMBS,March Library,2019-12,adult fiction large print paperback,17
CAMBS,March Library,2019-12,adult fiction paperback,222
CAMBS,March Library,2019-12,adult non fiction hardback,38
CAMBS,March Library,2019-12,adult non fiction large print hardback,1
CAMBS,March Library,2019-12,adult non fiction large print paperback,1
CAMBS,March Library,2019-12,adult non fiction paperback,73
CAMBS,March Library,2019-12,adult non-fiction,6
CAMBS,March Library,2019-12,adult spoken word cassette set,8
CAMBS,March Library,2019-12,adult spoken word cd set,39
CAMBS,March Library,2019-12,children's fiction,1
CAMBS,March Library,2019-12,children's non-fiction,2
CAMBS,March Library,2019-12,children's spoken word cd set,8
CAMBS,March Library,2019-12,dvd: 12,6
CAMBS,March Library,2019-12,dvd: 15,2
CAMBS,March Library,2019-12,dvd: pg,2
CAMBS,March Library,2019-12,dvd: u,1
CAMBS,March Library,2019-12,junior fiction,187
CAMBS,March Library,2019-12,junior non-fiction,32
CAMBS,March Library,2019-12,magazine for loan,2
CAMBS,March Library,2019-12,picture book,3
CAMBS,March Library,2019-12,quick pick fiction,4
CAMBS,March Library,2019-12,teenage,11
CAMBS,March Library,2019-12,young adult,1
CAMBS,March Library,2020-01,adult fiction,30
CAMBS,March Library,2020-01,adult fiction hardback,112
CAMBS,March Library,2020-01,adult fiction large print hardback,66
CAMBS,March Library,2020-01,adult fiction large print paperback,22
CAMBS,March Library,2020-01,adult fiction paperback,248
CAMBS,March Library,2020-01,adult non fiction hardback,44
CAMBS,March Library,2020-01,adult non fiction large print paperback,1
CAMBS,March Library,2020-01,adult non fiction paperback,41
CAMBS,March Library,2020-01,adult non-fiction,1
CAMBS,March Library,2020-01,adult spoken word cassette set,2
CAMBS,March Library,2020-01,adult spoken word cd,1
CAMBS,March Library,2020-01,adult spoken word cd set,31
CAMBS,March Library,2020-01,blu-ray: 15,1
CAMBS,March Library,2020-01,children's fiction,2
CAMBS,March Library,2020-01,children's non-fiction,3
CAMBS,March Library,2020-01,children's spoken word cd set,4
CAMBS,March Library,2020-01,devices and electronics,1
CAMBS,March Library,2020-01,dvd: 12,3
CAMBS,March Library,2020-01,dvd: 15,1
CAMBS,March Library,2020-01,dvd: pg,5
CAMBS,March Library,2020-01,dvd: u,1
CAMBS,March Library,2020-01,junior fiction,306
CAMBS,March Library,2020-01,junior non-fiction,45
CAMBS,March Library,2020-01,magazine for loan,2
CAMBS,March Library,2020-01,picture book,2
CAMBS,March Library,2020-01,quick pick fiction,2
CAMBS,March Library,2020-01,teenage,3
CAMBS,March Library,2020-01,young adult,5
CAMBS,March Library,2020-01,young adult plus,1
CAMBS,Melbourn Library Access Point,2019-12,adult fiction hardback,4
CAMBS,Melbourn Library Access Point,2019-12,adult fiction large print paperback,2
CAMBS,Melbourn Library Access Point,2019-12,adult fiction paperback,38
CAMBS,Melbourn Library Access Point,2019-12,adult non fiction paperback,1
CAMBS,Melbourn Library Access Point,2019-12,children's fiction,6
CAMBS,Melbourn Library Access Point,2019-12,junior fiction,34
CAMBS,Melbourn Library Access Point,2019-12,junior non-fiction,5
CAMBS,Melbourn Library Access Point,2019-12,picture book,1
CAMBS,Melbourn Library Access Point,2020-01,adult fiction,1
CAMBS,Melbourn Library Access Point,2020-01,adult fiction hardback,4
CAMBS,Melbourn Library Access Point,2020-01,adult fiction paperback,40
CAMBS,Melbourn Library Access Point,2020-01,adult non fiction hardback,3
CAMBS,Melbourn Library Access Point,2020-01,adult non fiction paperback,1
CAMBS,Melbourn Library Access Point,2020-01,children's fiction,2
CAMBS,Melbourn Library Access Point,2020-01,junior fiction,90
CAMBS,Melbourn Library Access Point,2020-01,junior non-fiction,2
CAMBS,Melbourn Library Access Point,2020-01,picture book,2
CAMBS,Milton Road Library,2019-12,adult fiction,2
CAMBS,Milton Road Library,2019-12,adult fiction hardback,4
CAMBS,Milton Road Library,2019-12,adult fiction large print paperback,3
CAMBS,Milton Road Library,2019-12,adult fiction paperback,16
CAMBS,Milton Road Library,2019-12,adult non fiction hardback,8
CAMBS,Milton Road Library,2019-12,adult non fiction paperback,17
CAMBS,Milton Road Library,2019-12,adult spoken word cd set,2
CAMBS,Milton Road Library,2019-12,dvd: 15,1
CAMBS,Milton Road Library,2019-12,dvd: u,2
CAMBS,Milton Road Library,2019-12,junior fiction,46
CAMBS,Milton Road Library,2019-12,junior fiction hardback,1
CAMBS,Milton Road Library,2019-12,junior fiction paperback,1
CAMBS,Milton Road Library,2019-12,junior non-fiction,12
CAMBS,Milton Road Library,2019-12,teenage,1
CAMBS,Milton Road Library,2019-12,young adult plus,1
CAMBS,Milton Road Library,2020-01,adult fiction,4
CAMBS,Milton Road Library,2020-01,adult fiction hardback,17
CAMBS,Milton Road Library,2020-01,adult fiction large print hardback,4
CAMBS,Milton Road Library,2020-01,adult fiction large print paperback,7
CAMBS,Milton Road Library,2020-01,adult fiction paperback,45
CAMBS,Milton Road Library,2020-01,adult non fiction hardback,13
CAMBS,Milton Road Library,2020-01,adult non fiction large print hardback,2
CAMBS,Milton Road Library,2020-01,adult non fiction large print paperback,1
CAMBS,Milton Road Library,2020-01,adult non fiction paperback,29
CAMBS,Milton Road Library,2020-01,adult spoken word cd,1
CAMBS,Milton Road Library,2020-01,adult spoken word cd set,5
CAMBS,Milton Road Library,2020-01,children's non-fiction,1
CAMBS,Milton Road Library,2020-01,children's spoken word cd set,9
CAMBS,Milton Road Library,2020-01,dvd: 15,1
CAMBS,Milton Road Library,2020-01,junior fiction,154
CAMBS,Milton Road Library,2020-01,junior non-fiction,42
CAMBS,Milton Road Library,2020-01,teenage,5
CAMBS,Milton Road Library,2020-01,young adult,3
CAMBS,Mobile Library,2019-12,adult fiction,35
CAMBS,Mobile Library,2019-12,adult fiction hardback,77
CAMBS,Mobile Library,2019-12,adult fiction large print hardback,18
CAMBS,Mobile Library,2019-12,adult fiction large print paperback,19
CAMBS,Mobile Library,2019-12,adult fiction paperback,162
CAMBS,Mobile Library,2019-12,adult non fiction hardback,23
CAMBS,Mobile Library,2019-12,adult non fiction paperback,29
CAMBS,Mobile Library,2019-12,adult non-fiction,4
CAMBS,Mobile Library,2019-12,adult spoken word cassette set,13
CAMBS,Mobile Library,2019-12,adult spoken word cd set,16
CAMBS,Mobile Library,2019-12,children's fiction,3
CAMBS,Mobile Library,2019-12,children's non-fiction,2
CAMBS,Mobile Library,2019-12,junior fiction,39
CAMBS,Mobile Library,2019-12,junior non-fiction,10
CAMBS,Mobile Library,2019-12,teenage,8
CAMBS,Mobile Library,2020-01,adult fiction,45
CAMBS,Mobile Library,2020-01,adult fiction hardback,184
CAMBS,Mobile Library,2020-01,adult fiction large print hardback,125
CAMBS,Mobile Library,2020-01,adult fiction large print paperback,139
CAMBS,Mobile Library,2020-01,adult fiction paperback,434
CAMBS,Mobile Library,2020-01,adult non fiction hardback,44
CAMBS,Mobile Library,2020-01,adult non fiction large print hardback,5
CAMBS,Mobile Library,2020-01,adult non fiction large print paperback,1
CAMBS,Mobile Library,2020-01,adult non fiction paperback,66
CAMBS,Mobile Library,2020-01,adult non-fiction,8
CAMBS,Mobile Library,2020-01,adult spoken word cassette set,6
CAMBS,Mobile Library,2020-01,adult spoken word cd,1
CAMBS,Mobile Library,2020-01,adult spoken word cd set,7
CAMBS,Mobile Library,2020-01,bott village college fiction,1
CAMBS,Mobile Library,2020-01,children's fiction,17
CAMBS,Mobile Library,2020-01,children's non-fiction,1
CAMBS,Mobile Library,2020-01,dvd: 15,1
CAMBS,Mobile Library,2020-01,junior fiction,254
CAMBS,Mobile Library,2020-01,junior non-fiction,16
CAMBS,Mobile Library,2020-01,quick pick fiction,4
CAMBS,Mobile Library,2020-01,quick pick non-fiction,1
CAMBS,Mobile Library,2020-01,young adult,1
CAMBS,Papworth Library,2019-12,adult fiction,1
CAMBS,Papworth Library,2019-12,adult fiction hardback,5
CAMBS,Papworth Library,2019-12,adult fiction large print hardback,2
CAMBS,Papworth Library,2019-12,adult fiction paperback,5
CAMBS,Papworth Library,2019-12,adult non fiction hardback,1
CAMBS,Papworth Library,2019-12,adult non fiction paperback,6
CAMBS,Papworth Library,2019-12,adult non-fiction,1
CAMBS,Papworth Library,2019-12,children's spoken word cd set,4
CAMBS,Papworth Library,2019-12,devices and electronics,1
CAMBS,Papworth Library,2019-12,junior fiction,67
CAMBS,Papworth Library,2019-12,junior non-fiction,1
CAMBS,Papworth Library,2019-12,teenage,3
CAMBS,Papworth Library,2020-01,adult fiction,1
CAMBS,Papworth Library,2020-01,adult fiction hardback,8
CAMBS,Papworth Library,2020-01,adult fiction large print hardback,4
CAMBS,Papworth Library,2020-01,adult fiction large print paperback,1
CAMBS,Papworth Library,2020-01,adult fiction paperback,19
CAMBS,Papworth Library,2020-01,adult non fiction hardback,2
CAMBS,Papworth Library,2020-01,adult non fiction paperback,17
CAMBS,Papworth Library,2020-01,adult spoken word cassette set,1
CAMBS,Papworth Library,2020-01,adult spoken word cd set,1
CAMBS,Papworth Library,2020-01,dvd: u,1
CAMBS,Papworth Library,2020-01,junior fiction,88
CAMBS,Papworth Library,2020-01,junior non-fiction,7
CAMBS,Papworth Library,2020-01,teenage,4
CAMBS,Papworth Library,2020-01,young adult,2
CAMBS,Papworth Library,2020-01,young adult plus,1
CAMBS,Ramsey Library,2019-12,adult fiction,9
CAMBS,Ramsey Library,2019-12,adult fiction hardback,50
CAMBS,Ramsey Library,2019-12,adult fiction large print hardback,5
CAMBS,Ramsey Library,2019-12,adult fiction large print paperback,6
CAMBS,Ramsey Library,2019-12,adult fiction paperback,71
CAMBS,Ramsey Library,2019-12,adult non fiction hardback,15
CAMBS,Ramsey Library,2019-12,adult non fiction large print hardback,1
CAMBS,Ramsey Library,2019-12,adult non fiction paperback,22
CAMBS,Ramsey Library,2019-12,adult non-fiction,8
CAMBS,Ramsey Library,2019-12,children's fiction,1
CAMBS,Ramsey Library,2019-12,children's non-fiction,1
CAMBS,Ramsey Library,2019-12,junior fiction,85
CAMBS,Ramsey Library,2019-12,junior non-fiction,9
CAMBS,Ramsey Library,2019-12,quick pick fiction,1
CAMBS,Ramsey Library,2019-12,teenage,1
CAMBS,Ramsey Library,2020-01,adult fiction,10
CAMBS,Ramsey Library,2020-01,adult fiction hardback,50
CAMBS,Ramsey Library,2020-01,adult fiction large print hardback,3
CAMBS,Ramsey Library,2020-01,adult fiction large print paperback,2
CAMBS,Ramsey Library,2020-01,adult fiction paperback,115
CAMBS,Ramsey Library,2020-01,adult non fiction hardback,18
CAMBS,Ramsey Library,2020-01,adult non fiction large print hardback,1
CAMBS,Ramsey Library,2020-01,adult non fiction large print paperback,1
CAMBS,Ramsey Library,2020-01,adult non fiction paperback,21
CAMBS,Ramsey Library,2020-01,adult non-fiction,5
CAMBS,Ramsey Library,2020-01,adult spoken word cd set,2
CAMBS,Ramsey Library,2020-01,children's fiction,2
CAMBS,Ramsey Library,2020-01,junior fiction,128
CAMBS,Ramsey Library,2020-01,junior non-fiction,11
CAMBS,Ramsey Library,2020-01,quick pick fiction,3
CAMBS,Ramsey Library,2020-01,teenage,6
CAMBS,Ramsey Library,2020-01,young adult,2
CAMBS,Rock Road Library,2019-12,adult fiction,4
CAMBS,Rock Road Library,2019-12,adult fiction hardback,17
CAMBS,Rock Road Library,2019-12,adult fiction large print paperback,4
CAMBS,Rock Road Library,2019-12,adult fiction paperback,52
CAMBS,Rock Road Library,2019-12,adult non fiction hardback,9
CAMBS,Rock Road Library,2019-12,adult non fiction paperback,7
CAMBS,Rock Road Library,2019-12,adult non-fiction,1
CAMBS,Rock Road Library,2019-12,adult spoken word cd,1
CAMBS,Rock Road Library,2019-12,adult spoken word cd set,2
CAMBS,Rock Road Library,2019-12,blu-ray: 12,1
CAMBS,Rock Road Library,2019-12,children's non-fiction,1
CAMBS,Rock Road Library,2019-12,children's spoken word cd set,4
CAMBS,Rock Road Library,2019-12,dvd: 12,1
CAMBS,Rock Road Library,2019-12,dvd: 15,1
CAMBS,Rock Road Library,2019-12,dvd: pg,1
CAMBS,Rock Road Library,2019-12,dvd: u,2
CAMBS,Rock Road Library,2019-12,junior fiction,200
CAMBS,Rock Road Library,2019-12,junior non-fiction,28
CAMBS,Rock Road Library,2019-12,teenage,10
CAMBS,Rock Road Library,2019-12,young adult,4
CAMBS,Rock Road Library,2019-12,young adult plus,3
CAMBS,Rock Road Library,2020-01,adult fiction,6
CAMBS,Rock Road Library,2020-01,adult fiction hardback,44
CAMBS,Rock Road Library,2020-01,adult fiction large print hardback,4
CAMBS,Rock Road Library,2020-01,adult fiction large print paperback,5
CAMBS,Rock Road Library,2020-01,adult fiction paperback,91
CAMBS,Rock Road Library,2020-01,adult non fiction hardback,24
CAMBS,Rock Road Library,2020-01,adult non fiction large print hardback,1
CAMBS,Rock Road Library,2020-01,adult non fiction paperback,23
CAMBS,Rock Road Library,2020-01,adult non-fiction,3
CAMBS,Rock Road Library,2020-01,adult spoken word cd set,9
CAMBS,Rock Road Library,2020-01,children's fiction,4
CAMBS,Rock Road Library,2020-01,children's non-fiction,1
CAMBS,Rock Road Library,2020-01,children's spoken word cd set,6
CAMBS,Rock Road Library,2020-01,dvd: 12,1
CAMBS,Rock Road Library,2020-01,dvd: u,2
CAMBS,Rock Road Library,2020-01,junior fiction,244
CAMBS,Rock Road Library,2020-01,junior non-fiction,68
CAMBS,Rock Road Library,2020-01,picture book,2
CAMBS,Rock Road Library,2020-01,quick pick fiction,1
CAMBS,Rock Road Library,2020-01,teenage,14
CAMBS,Rock Road Library,2020-01,young adult,6
CAMBS,Rock Road Library,2020-01,young adult plus,1
CAMBS,Sawston Library,2019-12,adult fiction,1
CAMBS,Sawston Library,2019-12,adult fiction hardback,18
CAMBS,Sawston Library,2019-12,adult fiction large print hardback,2
CAMBS,Sawston Library,2019-12,adult fiction paperback,47
CAMBS,Sawston Library,2019-12,adult non fiction hardback,7
CAMBS,Sawston Library,2019-12,adult non fiction paperback,16
CAMBS,Sawston Library,2019-12,adult spoken word cd,1
CAMBS,Sawston Library,2019-12,children's spoken word cd set,1
CAMBS,Sawston Library,2019-12,junior fiction,109
CAMBS,Sawston Library,2019-12,junior non-fiction,9
CAMBS,Sawston Library,2019-12,picture book,2
CAMBS,Sawston Library,2019-12,quick pick fiction,2
CAMBS,Sawston Library,2020-01,adult fiction,4
CAMBS,Sawston Library,2020-01,adult fiction hardback,20
CAMBS,Sawston Library,2020-01,adult fiction large print hardback,4
CAMBS,Sawston Library,2020-01,adult fiction large print paperback,6
CAMBS,Sawston Library,2020-01,adult fiction paperback,42
CAMBS,Sawston Library,2020-01,adult non fiction hardback,6
CAMBS,Sawston Library,2020-01,adult non fiction large print hardback,1
CAMBS,Sawston Library,2020-01,adult non fiction large print paperback,2
CAMBS,Sawston Library,2020-01,adult non fiction paperback,20
CAMBS,Sawston Library,2020-01,adult non-fiction,1
CAMBS,Sawston Library,2020-01,adult spoken word cd,2
CAMBS,Sawston Library,2020-01,adult spoken word cd set,7
CAMBS,Sawston Library,2020-01,children's spoken word cassette set,1
CAMBS,Sawston Library,2020-01,children's spoken word cd set,8
CAMBS,Sawston Library,2020-01,junior fiction,255
CAMBS,Sawston Library,2020-01,junior non-fiction,39
CAMBS,Sawston Library,2020-01,picture book,1
CAMBS,Sawston Library,2020-01,quick pick fiction,1
CAMBS,Sawston Library,2020-01,teenage,14
CAMBS,Sawston Library,2020-01,young adult,9
CAMBS,Sawston Library,2020-01,young adult plus,4
CAMBS,Sawtry Library,2019-12,adult fiction,2
CAMBS,Sawtry Library,2019-12,adult fiction hardback,15
CAMBS,Sawtry Library,2019-12,adult fiction large print hardback,1
CAMBS,Sawtry Library,2019-12,adult fiction paperback,41
CAMBS,Sawtry Library,2019-12,adult non fiction hardback,2
CAMBS,Sawtry Library,2019-12,adult non fiction large print hardback,1
CAMBS,Sawtry Library,2019-12,adult non fiction paperback,9
CAMBS,Sawtry Library,2019-12,adult non-fiction,1
CAMBS,Sawtry Library,2019-12,adult spoken word cd set,1
CAMBS,Sawtry Library,2019-12,children's fiction,2
CAMBS,Sawtry Library,2019-12,children's non-fiction,2
CAMBS,Sawtry Library,2019-12,inter-library loan,1
CAMBS,Sawtry Library,2019-12,junior fiction,39
CAMBS,Sawtry Library,2019-12,junior non-fiction,8
CAMBS,Sawtry Library,2019-12,quick pick fiction,2
CAMBS,Sawtry Library,2019-12,teenage,1
CAMBS,Sawtry Library,2019-12,young adult,1
CAMBS,Sawtry Library,2020-01,adult fiction,6
CAMBS,Sawtry Library,2020-01,adult fiction hardback,22
CAMBS,Sawtry Library,2020-01,adult fiction large print hardback,2
CAMBS,Sawtry Library,2020-01,adult fiction large print paperback,1
CAMBS,Sawtry Library,2020-01,adult fiction paperback,42
CAMBS,Sawtry Library,2020-01,adult non fiction hardback,5
CAMBS,Sawtry Library,2020-01,adult non fiction paperback,7
CAMBS,Sawtry Library,2020-01,adult non-fiction,3
CAMBS,Sawtry Library,2020-01,children's fiction,2
CAMBS,Sawtry Library,2020-01,junior fiction,47
CAMBS,Sawtry Library,2020-01,junior non-fiction,11
CAMBS,Sawtry Library,2020-01,teenage,1
CAMBS,Soham Library,2019-12,adult fiction,3
CAMBS,Soham Library,2019-12,adult fiction hardback,15
CAMBS,Soham Library,2019-12,adult fiction large print hardback,1
CAMBS,Soham Library,2019-12,adult fiction paperback,53
CAMBS,Soham Library,2019-12,adult non fiction hardback,12
CAMBS,Soham Library,2019-12,adult non fiction paperback,12
CAMBS,Soham Library,2019-12,children's non-fiction,2
CAMBS,Soham Library,2019-12,junior fiction,94
CAMBS,Soham Library,2019-12,junior non-fiction,19
CAMBS,Soham Library,2019-12,map,1
CAMBS,Soham Library,2019-12,picture book,2
CAMBS,Soham Library,2019-12,quick pick fiction,5
CAMBS,Soham Library,2019-12,teenage,4
CAMBS,Soham Library,2019-12,young adult plus,1
CAMBS,Soham Library,2020-01,adult fiction,5
CAMBS,Soham Library,2020-01,adult fiction hardback,30
CAMBS,Soham Library,2020-01,adult fiction large print hardback,3
CAMBS,Soham Library,2020-01,adult fiction large print paperback,1
CAMBS,Soham Library,2020-01,adult fiction paperback,69
CAMBS,Soham Library,2020-01,adult non fiction hardback,8
CAMBS,Soham Library,2020-01,adult non fiction large print hardback,3
CAMBS,Soham Library,2020-01,adult non fiction paperback,15
CAMBS,Soham Library,2020-01,children's non-fiction,2
CAMBS,Soham Library,2020-01,children's spoken word cd set,1
CAMBS,Soham Library,2020-01,dvd: 15,2
CAMBS,Soham Library,2020-01,junior fiction,102
CAMBS,Soham Library,2020-01,junior non-fiction,22
CAMBS,Soham Library,2020-01,picture book,1
CAMBS,Soham Library,2020-01,quick pick fiction,6
CAMBS,Somersham Library Access Point,2019-12,adult fiction hardback,3
CAMBS,Somersham Library Access Point,2019-12,adult fiction paperback,14
CAMBS,Somersham Library Access Point,2019-12,junior fiction,23
CAMBS,Somersham Library Access Point,2019-12,junior non-fiction,5
CAMBS,Somersham Library Access Point,2019-12,picture book,1
CAMBS,Somersham Library Access Point,2019-12,young adult plus,3
CAMBS,Somersham Library Access Point,2020-01,adult fiction,1
CAMBS,Somersham Library Access Point,2020-01,adult fiction hardback,10
CAMBS,Somersham Library Access Point,2020-01,adult fiction large print hardback,2
CAMBS,Somersham Library Access Point,2020-01,adult fiction large print paperback,8
CAMBS,Somersham Library Access Point,2020-01,adult fiction paperback,59
CAMBS,Somersham Library Access Point,2020-01,adult non fiction hardback,9
CAMBS,Somersham Library Access Point,2020-01,adult non fiction paperback,4
CAMBS,Somersham Library Access Point,2020-01,adult non-fiction,1
CAMBS,Somersham Library Access Point,2020-01,children's fiction,1
CAMBS,Somersham Library Access Point,2020-01,dvd: 15,1
CAMBS,Somersham Library Access Point,2020-01,junior fiction,93
CAMBS,Somersham Library Access Point,2020-01,junior non-fiction,10
CAMBS,Somersham Library Access Point,2020-01,picture book,3
CAMBS,Somersham Library Access Point,2020-01,teenage,1
CAMBS,Somersham Library Access Point,2020-01,young adult,6
CAMBS,Somersham Library Access Point,2020-01,young adult plus,4
CAMBS,Somersham Library Access Point,2020-01,adult fiction hardback,1
CAMBS,Somersham Library Access Point,2020-01,adult non fiction hardback,1
CAMBS,Somersham Library Access Point,2020-01,adult non fiction paperback,2
CAMBS,Somersham Library Access Point,2020-01,junior fiction,2
CAMBS,St Ives Library,2019-12,adult fiction,41
CAMBS,St Ives Library,2019-12,adult fiction hardback,178
CAMBS,St Ives Library,2019-12,adult fiction large print hardback,34
CAMBS,St Ives Library,2019-12,adult fiction large print paperback,38
CAMBS,St Ives Library,2019-12,adult fiction paperback,346
CAMBS,St Ives Library,2019-12,adult non fiction hardback,71
CAMBS,St Ives Library,2019-12,adult non fiction large print hardback,1
CAMBS,St Ives Library,2019-12,adult non fiction large print paperback,1
CAMBS,St Ives Library,2019-12,adult non fiction paperback,116
CAMBS,St Ives Library,2019-12,adult non-fiction,8
CAMBS,St Ives Library,2019-12,adult spoken word cd,1
CAMBS,St Ives Library,2019-12,adult spoken word cd set,6
CAMBS,St Ives Library,2019-12,children's fiction,15
CAMBS,St Ives Library,2019-12,children's non-fiction,1
CAMBS,St Ives Library,2019-12,children's spoken word cd set,10
CAMBS,St Ives Library,2019-12,dvd: 12,1
CAMBS,St Ives Library,2019-12,dvd: 15,2
CAMBS,St Ives Library,2019-12,dvd: pg,3
CAMBS,St Ives Library,2019-12,dvd: u,5
CAMBS,St Ives Library,2019-12,junior fiction,424
CAMBS,St Ives Library,2019-12,junior non-fiction,71
CAMBS,St Ives Library,2019-12,music score,1
CAMBS,St Ives Library,2019-12,quick pick fiction,1
CAMBS,St Ives Library,2019-12,teenage,5
CAMBS,St Ives Library,2019-12,young adult,2
CAMBS,St Ives Library,2019-12,young adult plus,2
CAMBS,St Ives Library,2020-01,adult fiction,94
CAMBS,St Ives Library,2020-01,adult fiction hardback,318
CAMBS,St Ives Library,2020-01,adult fiction large print hardback,45
CAMBS,St Ives Library,2020-01,adult fiction large print paperback,47
CAMBS,St Ives Library,2020-01,adult fiction paperback,607
CAMBS,St Ives Library,2020-01,adult non fiction hardback,67
CAMBS,St Ives Library,2020-01,adult non fiction large print hardback,1
CAMBS,St Ives Library,2020-01,adult non fiction large print paperback,1
CAMBS,St Ives Library,2020-01,adult non fiction paperback,158
CAMBS,St Ives Library,2020-01,adult non-fiction,10
CAMBS,St Ives Library,2020-01,adult spoken word cassette set,11
CAMBS,St Ives Library,2020-01,adult spoken word cd,3
CAMBS,St Ives Library,2020-01,adult spoken word cd set,28
CAMBS,St Ives Library,2020-01,cd,3
CAMBS,St Ives Library,2020-01,cd set,1
CAMBS,St Ives Library,2020-01,children's fiction,7
CAMBS,St Ives Library,2020-01,children's non-fiction,2
CAMBS,St Ives Library,2020-01,dvd: 12,7
CAMBS,St Ives Library,2020-01,dvd: 15,5
CAMBS,St Ives Library,2020-01,dvd: pg,5
CAMBS,St Ives Library,2020-01,dvd: u,1
CAMBS,St Ives Library,2020-01,junior fiction,417
CAMBS,St Ives Library,2020-01,junior non-fiction,59
CAMBS,St Ives Library,2020-01,map,5
CAMBS,St Ives Library,2020-01,music cd,1
CAMBS,St Ives Library,2020-01,quick pick fiction,2
CAMBS,St Ives Library,2020-01,teenage,9
CAMBS,St Ives Library,2020-01,young adult,1
CAMBS,St Ives Library,2020-01,young adult plus,2
CAMBS,St Ives Library,2020-01,adult fiction,3
CAMBS,St Ives Library,2020-01,adult fiction hardback,16
CAMBS,St Ives Library,2020-01,adult fiction large print hardback,2
CAMBS,St Ives Library,2020-01,adult fiction paperback,10
CAMBS,St Ives Library,2020-01,adult non fiction hardback,8
CAMBS,St Ives Library,2020-01,adult non fiction paperback,13
CAMBS,St Ives Library,2020-01,children's fiction,1
CAMBS,St Ives Library,2020-01,children's spoken word cd set,3
CAMBS,St Ives Library,2020-01,junior fiction,45
CAMBS,St Ives Library,2020-01,junior non-fiction,10
CAMBS,St Ives Library,2020-01,map,3
CAMBS,St Ives Library,2020-01,teenage,1
CAMBS,St Neots Library,2019-12,adult fiction,43
CAMBS,St Neots Library,2019-12,adult fiction hardback,117
CAMBS,St Neots Library,2019-12,adult fiction large print hardback,11
CAMBS,St Neots Library,2019-12,adult fiction large print paperback,15
CAMBS,St Neots Library,2019-12,adult fiction paperback,384
CAMBS,St Neots Library,2019-12,adult non fiction hardback,29
CAMBS,St Neots Library,2019-12,adult non fiction large print paperback,1
CAMBS,St Neots Library,2019-12,adult non fiction paperback,49
CAMBS,St Neots Library,2019-12,adult non-fiction,1
CAMBS,St Neots Library,2019-12,adult spoken word cassette set,4
CAMBS,St Neots Library,2019-12,adult spoken word cd set,24
CAMBS,St Neots Library,2019-12,children's fiction,28
CAMBS,St Neots Library,2019-12,children's non-fiction,3
CAMBS,St Neots Library,2019-12,children's spoken word cd set,4
CAMBS,St Neots Library,2019-12,dvd: 12,6
CAMBS,St Neots Library,2019-12,dvd: 15,2
CAMBS,St Neots Library,2019-12,dvd: pg,6
CAMBS,St Neots Library,2019-12,junior fiction,618
CAMBS,St Neots Library,2019-12,junior non-fiction,61
CAMBS,St Neots Library,2019-12,map,3
CAMBS,St Neots Library,2019-12,picture book,3
CAMBS,St Neots Library,2019-12,quick pick fiction,5
CAMBS,St Neots Library,2019-12,teenage,10
CAMBS,St Neots Library,2019-12,young adult,3
CAMBS,St Neots Library,2019-12,young adult plus,1
CAMBS,St Neots Library,2020-01,adult fiction,69
CAMBS,St Neots Library,2020-01,adult fiction hardback,140
CAMBS,St Neots Library,2020-01,adult fiction large print hardback,38
CAMBS,St Neots Library,2020-01,adult fiction large print paperback,65
CAMBS,St Neots Library,2020-01,adult fiction paperback,472
CAMBS,St Neots Library,2020-01,adult non fiction hardback,45
CAMBS,St Neots Library,2020-01,adult non fiction large print hardback,1
CAMBS,St Neots Library,2020-01,adult non fiction large print paperback,4
CAMBS,St Neots Library,2020-01,adult non fiction paperback,86
CAMBS,St Neots Library,2020-01,adult non-fiction,3
CAMBS,St Neots Library,2020-01,adult spoken word cd set,21
CAMBS,St Neots Library,2020-01,children's fiction,18
CAMBS,St Neots Library,2020-01,children's non-fiction,3
CAMBS,St Neots Library,2020-01,children's spoken word cd set,5
CAMBS,St Neots Library,2020-01,devices and electronics,1
CAMBS,St Neots Library,2020-01,dvd: 12,3
CAMBS,St Neots Library,2020-01,dvd: pg,4
CAMBS,St Neots Library,2020-01,dvd: u,1
CAMBS,St Neots Library,2020-01,junior fiction,653
CAMBS,St Neots Library,2020-01,junior fiction paperback,1
CAMBS,St Neots Library,2020-01,junior large print,1
CAMBS,St Neots Library,2020-01,junior non-fiction,104
CAMBS,St Neots Library,2020-01,picture book,2
CAMBS,St Neots Library,2020-01,quick pick fiction,5
CAMBS,St Neots Library,2020-01,teenage,24
CAMBS,St Neots Library,2020-01,young adult,5
CAMBS,St Neots Library,2020-01,young adult plus,4
CAMBS,Swavesey Library Access Point,2019-12,adult fiction paperback,11
CAMBS,Swavesey Library Access Point,2019-12,adult non fiction hardback,1
CAMBS,Swavesey Library Access Point,2019-12,children's fiction,1
CAMBS,Swavesey Library Access Point,2019-12,children's non-fiction,1
CAMBS,Swavesey Library Access Point,2019-12,junior fiction,11
CAMBS,Swavesey Library Access Point,2019-12,quick pick fiction,1
CAMBS,Swavesey Library Access Point,2019-12,teenage,1
CAMBS,Swavesey Library Access Point,2019-12,young adult,1
CAMBS,Swavesey Library Access Point,2020-01,adult fiction,1
CAMBS,Swavesey Library Access Point,2020-01,adult fiction hardback,1
CAMBS,Swavesey Library Access Point,2020-01,adult fiction large print paperback,1
CAMBS,Swavesey Library Access Point,2020-01,adult fiction paperback,17
CAMBS,Swavesey Library Access Point,2020-01,adult non fiction hardback,3
CAMBS,Swavesey Library Access Point,2020-01,adult non-fiction,1
CAMBS,Swavesey Library Access Point,2020-01,children's non-fiction,2
CAMBS,Swavesey Library Access Point,2020-01,junior fiction,13
CAMBS,Swavesey Library Access Point,2020-01,junior non-fiction,2
CAMBS,Swavesey Library Access Point,2020-01,quick pick fiction,2
CAMBS,Swavesey Library Access Point,2020-01,teenage,1
CAMBS,Warboys Library,2019-12,adult fiction,3
CAMBS,Warboys Library,2019-12,adult fiction hardback,28
CAMBS,Warboys Library,2019-12,adult fiction large print hardback,4
CAMBS,Warboys Library,2019-12,adult fiction paperback,65
CAMBS,Warboys Library,2019-12,adult non fiction hardback,6
CAMBS,Warboys Library,2019-12,adult non fiction paperback,3
CAMBS,Warboys Library,2019-12,junior fiction,27
CAMBS,Warboys Library,2019-12,junior non-fiction,4
CAMBS,Warboys Library,2019-12,picture book,1
CAMBS,Warboys Library,2019-12,quick pick fiction,21
CAMBS,Warboys Library,2020-01,adult fiction,15
CAMBS,Warboys Library,2020-01,adult fiction hardback,13
CAMBS,Warboys Library,2020-01,adult fiction large print hardback,4
CAMBS,Warboys Library,2020-01,adult fiction large print paperback,1
CAMBS,Warboys Library,2020-01,adult fiction paperback,71
CAMBS,Warboys Library,2020-01,adult non fiction hardback,7
CAMBS,Warboys Library,2020-01,adult non fiction paperback,7
CAMBS,Warboys Library,2020-01,adult non-fiction,1
CAMBS,Warboys Library,2020-01,adult spoken word cassette,3
CAMBS,Warboys Library,2020-01,adult spoken word cassette set,9
CAMBS,Warboys Library,2020-01,adult spoken word cd set,16
CAMBS,Warboys Library,2020-01,junior fiction,43
CAMBS,Warboys Library,2020-01,junior non-fiction,8
CAMBS,Warboys Library,2020-01,quick pick fiction,19
CAMBS,Warboys Library,2020-01,teenage,1
CAMBS,Waterbeach Library Access Point,2019-12,adult fiction hardback,1
CAMBS,Waterbeach Library Access Point,2019-12,adult fiction paperback,17
CAMBS,Waterbeach Library Access Point,2019-12,adult non fiction hardback,1
CAMBS,Waterbeach Library Access Point,2019-12,adult non fiction paperback,2
CAMBS,Waterbeach Library Access Point,2019-12,junior fiction,61
CAMBS,Waterbeach Library Access Point,2019-12,junior large print,2
CAMBS,Waterbeach Library Access Point,2019-12,junior non-fiction,6
CAMBS,Waterbeach Library Access Point,2019-12,picture book,1
CAMBS,Waterbeach Library Access Point,2019-12,young adult,2
CAMBS,Waterbeach Library Access Point,2020-01,adult fiction hardback,3
CAMBS,Waterbeach Library Access Point,2020-01,adult fiction large print paperback,2
CAMBS,Waterbeach Library Access Point,2020-01,adult fiction paperback,57
CAMBS,Waterbeach Library Access Point,2020-01,adult non fiction hardback,2
CAMBS,Waterbeach Library Access Point,2020-01,adult non fiction paperback,4
CAMBS,Waterbeach Library Access Point,2020-01,adult non-fiction,2
CAMBS,Waterbeach Library Access Point,2020-01,adult spoken word cd set,1
CAMBS,Waterbeach Library Access Point,2020-01,dvd: 12,1
CAMBS,Waterbeach Library Access Point,2020-01,dvd: 15,1
CAMBS,Waterbeach Library Access Point,2020-01,junior fiction,214
CAMBS,Waterbeach Library Access Point,2020-01,junior large print,2
CAMBS,Waterbeach Library Access Point,2020-01,junior non-fiction,46
CAMBS,Waterbeach Library Access Point,2020-01,young adult,10
CAMBS,Whittlesey Library Learning Centre,2019-12,adult fiction,9
CAMBS,Whittlesey Library Learning Centre,2019-12,adult fiction hardback,29
CAMBS,Whittlesey Library Learning Centre,2019-12,adult fiction large print hardback,9
CAMBS,Whittlesey Library Learning Centre,2019-12,adult fiction large print paperback,9
CAMBS,Whittlesey Library Learning Centre,2019-12,adult fiction paperback,86
CAMBS,Whittlesey Library Learning Centre,2019-12,adult non fiction hardback,7
CAMBS,Whittlesey Library Learning Centre,2019-12,adult non fiction large print hardback,1
CAMBS,Whittlesey Library Learning Centre,2019-12,adult non fiction paperback,8
CAMBS,Whittlesey Library Learning Centre,2019-12,adult non-fiction,1
CAMBS,Whittlesey Library Learning Centre,2019-12,adult spoken word cd set,11
CAMBS,Whittlesey Library Learning Centre,2019-12,children's fiction,1
CAMBS,Whittlesey Library Learning Centre,2019-12,children's spoken word cd set,3
CAMBS,Whittlesey Library Learning Centre,2019-12,dvd: 12,1
CAMBS,Whittlesey Library Learning Centre,2019-12,junior fiction,47
CAMBS,Whittlesey Library Learning Centre,2019-12,junior non-fiction,4
CAMBS,Whittlesey Library Learning Centre,2019-12,quick pick fiction,2
CAMBS,Whittlesey Library Learning Centre,2019-12,young adult,2
CAMBS,Whittlesey Library Learning Centre,2020-01,adult fiction,16
CAMBS,Whittlesey Library Learning Centre,2020-01,adult fiction hardback,30
CAMBS,Whittlesey Library Learning Centre,2020-01,adult fiction large print hardback,10
CAMBS,Whittlesey Library Learning Centre,2020-01,adult fiction large print paperback,1
CAMBS,Whittlesey Library Learning Centre,2020-01,adult fiction paperback,112
CAMBS,Whittlesey Library Learning Centre,2020-01,adult non fiction hardback,15
CAMBS,Whittlesey Library Learning Centre,2020-01,adult non fiction paperback,18
CAMBS,Whittlesey Library Learning Centre,2020-01,adult non-fiction,3
CAMBS,Whittlesey Library Learning Centre,2020-01,adult spoken word cd set,4
CAMBS,Whittlesey Library Learning Centre,2020-01,children's fiction,2
CAMBS,Whittlesey Library Learning Centre,2020-01,children's non-fiction,1
CAMBS,Whittlesey Library Learning Centre,2020-01,children's spoken word cd set,2
CAMBS,Whittlesey Library Learning Centre,2020-01,junior fiction,163
CAMBS,Whittlesey Library Learning Centre,2020-01,junior non-fiction,20
CAMBS,Whittlesey Library Learning Centre,2020-01,quick pick fiction,2
CAMBS,Whittlesey Library Learning Centre,2020-01,teenage,3
CAMBS,Whittlesey Library Learning Centre,2020-01,young adult,1
CAMBS,Whittlesey Library Learning Centre,2020-01,young adult plus,1
CAMBS,Willingham Library,2019-12,adult fiction,2
CAMBS,Willingham Library,2019-12,adult fiction hardback,11
CAMBS,Willingham Library,2019-12,adult fiction paperback,55
CAMBS,Willingham Library,2019-12,adult non fiction hardback,10
CAMBS,Willingham Library,2019-12,adult non fiction paperback,11
CAMBS,Willingham Library,2019-12,junior fiction,41
CAMBS,Willingham Library,2019-12,junior non-fiction,5
CAMBS,Willingham Library,2019-12,teenage,1
CAMBS,Willingham Library,2019-12,young adult,1
CAMBS,Willingham Library,2019-12,young adult plus,1
CAMBS,Willingham Library,2020-01,adult fiction,7
CAMBS,Willingham Library,2020-01,adult fiction hardback,32
CAMBS,Willingham Library,2020-01,adult fiction large print paperback,1
CAMBS,Willingham Library,2020-01,adult fiction paperback,48
CAMBS,Willingham Library,2020-01,adult non fiction hardback,5
CAMBS,Willingham Library,2020-01,adult non fiction paperback,5
CAMBS,Willingham Library,2020-01,children's fiction,1
CAMBS,Willingham Library,2020-01,junior fiction,66
CAMBS,Willingham Library,2020-01,junior non-fiction,2
CAMBS,Willingham Library,2020-01,quick pick fiction,2
CAMBS,Willingham Library,2020-01,teenage,3
CAMBS,Willingham Library,2020-01,young adult,1
CAMBS,Willingham Library,2020-01,young adult plus,2
CAMBS,Wisbech Library,2019-12,adult fiction,18
CAMBS,Wisbech Library,2019-12,adult fiction hardback,90
CAMBS,Wisbech Library,2019-12,adult fiction large print hardback,23
CAMBS,Wisbech Library,2019-12,adult fiction large print paperback,18
CAMBS,Wisbech Library,2019-12,adult fiction paperback,200
CAMBS,Wisbech Library,2019-12,adult non fiction hardback,46
CAMBS,Wisbech Library,2019-12,adult non fiction large print hardback,1
CAMBS,Wisbech Library,2019-12,adult non fiction paperback,42
CAMBS,Wisbech Library,2019-12,adult non-fiction,21
CAMBS,Wisbech Library,2019-12,adult spoken word cassette set,8
CAMBS,Wisbech Library,2019-12,adult spoken word cd set,18
CAMBS,Wisbech Library,2019-12,children's fiction,6
CAMBS,Wisbech Library,2019-12,children's non-fiction,1
CAMBS,Wisbech Library,2019-12,dvd: pg,1
CAMBS,Wisbech Library,2019-12,junior fiction,159
CAMBS,Wisbech Library,2019-12,junior non-fiction,31
CAMBS,Wisbech Library,2019-12,music score,1
CAMBS,Wisbech Library,2019-12,picture book,1
CAMBS,Wisbech Library,2019-12,quick pick fiction,11
CAMBS,Wisbech Library,2019-12,quick pick non-fiction,1
CAMBS,Wisbech Library,2019-12,teenage,1
CAMBS,Wisbech Library,2019-12,young adult,4
CAMBS,Wisbech Library,2020-01,adult fiction,49
CAMBS,Wisbech Library,2020-01,adult fiction hardback,165
CAMBS,Wisbech Library,2020-01,adult fiction large print hardback,10
CAMBS,Wisbech Library,2020-01,adult fiction large print paperback,13
CAMBS,Wisbech Library,2020-01,adult fiction paperback,317
CAMBS,Wisbech Library,2020-01,adult non fiction hardback,37
CAMBS,Wisbech Library,2020-01,adult non fiction large print hardback,1
CAMBS,Wisbech Library,2020-01,adult non fiction paperback,57
CAMBS,Wisbech Library,2020-01,adult non-fiction,16
CAMBS,Wisbech Library,2020-01,adult spoken word cd set,15
CAMBS,Wisbech Library,2020-01,children's fiction,4
CAMBS,Wisbech Library,2020-01,children's non-fiction,1
CAMBS,Wisbech Library,2020-01,children's spoken word cd set,1
CAMBS,Wisbech Library,2020-01,dvd: 15,2
CAMBS,Wisbech Library,2020-01,dvd: u,3
CAMBS,Wisbech Library,2020-01,junior fiction,229
CAMBS,Wisbech Library,2020-01,junior non-fiction,40
CAMBS,Wisbech Library,2020-01,music score,1
CAMBS,Wisbech Library,2020-01,picture book,6
CAMBS,Wisbech Library,2020-01,quick pick fiction,3
CAMBS,Wisbech Library,2020-01,teenage,7
CAMBS,Yaxley Library,2019-12,adult fiction,12
CAMBS,Yaxley Library,2019-12,adult fiction hardback,27
CAMBS,Yaxley Library,2019-12,adult fiction large print hardback,7
CAMBS,Yaxley Library,2019-12,adult fiction large print paperback,2
CAMBS,Yaxley Library,2019-12,adult fiction paperback,64
CAMBS,Yaxley Library,2019-12,adult non fiction hardback,4
CAMBS,Yaxley Library,2019-12,adult non fiction paperback,13
CAMBS,Yaxley Library,2019-12,adult non-fiction,8
CAMBS,Yaxley Library,2019-12,adult spoken word cd,1
CAMBS,Yaxley Library,2019-12,adult spoken word cd set,1
CAMBS,Yaxley Library,2019-12,children's fiction,5
CAMBS,Yaxley Library,2019-12,children's non-fiction,2
CAMBS,Yaxley Library,2019-12,junior fiction,124
CAMBS,Yaxley Library,2019-12,junior non-fiction,26
CAMBS,Yaxley Library,2019-12,picture book,1
CAMBS,Yaxley Library,2019-12,quick pick fiction,1
CAMBS,Yaxley Library,2019-12,reading group,1
CAMBS,Yaxley Library,2019-12,teenage,3
CAMBS,Yaxley Library,2019-12,young adult plus,1
CAMBS,Yaxley Library,2020-01,adult fiction,4
CAMBS,Yaxley Library,2020-01,adult fiction hardback,47
CAMBS,Yaxley Library,2020-01,adult fiction large print hardback,12
CAMBS,Yaxley Library,2020-01,adult fiction large print paperback,6
CAMBS,Yaxley Library,2020-01,adult fiction paperback,85
CAMBS,Yaxley Library,2020-01,adult non fiction hardback,14
CAMBS,Yaxley Library,2020-01,adult non fiction large print hardback,1
CAMBS,Yaxley Library,2020-01,adult non fiction large print paperback,1
CAMBS,Yaxley Library,2020-01,adult non fiction paperback,13
CAMBS,Yaxley Library,2020-01,adult non-fiction,4
CAMBS,Yaxley Library,2020-01,adult spoken word cd set,2
CAMBS,Yaxley Library,2020-01,children's fiction,5
CAMBS,Yaxley Library,2020-01,dvd: 12,1
CAMBS,Yaxley Library,2020-01,junior fiction,160
CAMBS,Yaxley Library,2020-01,junior non-fiction,22
CAMBS,Yaxley Library,2020-01,picture book,2
CAMBS,Yaxley Library,2020-01,quick pick fiction,2
CAMBS,Yaxley Library,2020-01,teenage,1
CAMBS,Yaxley Library,2020-01,young adult,4
CAMBS,Yaxley Library,2020-01,young adult plus,1
